location,date,hour,intensity,speed,direction
Re 43.6,2026-08-25,0,180.0,111.63333333333334,eastbound
Re 43.6,2026-08-25,1,119.0,108.92436974789916,eastbound
Re 43.6,2026-08-25,2,109.0,108.3302752293578,eastbound
Re 43.6,2026-08-25,3,102.0,107.3529411764706,eastbound
Re 43.6,2026-08-25,4,138.0,107.5072463768116,eastbound
Re 43.6,2026-08-25,5,395.0,110.0,eastbound
Re 43.6,2026-08-25,6,1265.0,105.57312252964427,eastbound
Re 43.6,2026-08-25,7,2263.0,103.93857711003093,eastbound
Re 43.6,2026-08-25,8,1929.0,103.79626749611198,eastbound
Re 43.6,2026-08-25,9,1813.0,102.22890237175952,eastbound
Re 43.6,2026-08-25,10,1851.0,100.02323068611561,eastbound
Re 43.6,2026-08-25,11,1862.0,100.12943071965628,eastbound
Re 43.6,2026-08-25,12,1866.0,99.54662379421222,eastbound
Re 43.6,2026-08-25,13,1855.0,100.58652291105122,eastbound
Re 43.6,2026-08-25,14,2065.0,100.6130750605327,eastbound
Re 43.6,2026-08-25,15,2653.0,89.95929136826234,eastbound
Re 43.6,2026-08-25,16,2223.0,34.469635627530366,eastbound
Re 43.6,2026-08-25,17,1895.0,98.39419525065964,eastbound
Re 43.6,2026-08-25,18,1619.0,105.3681284743669,eastbound
Re 43.6,2026-08-25,19,1211.0,112.06028075970272,eastbound
Re 43.6,2026-08-25,20,930.0,111.73333333333333,eastbound
Re 43.6,2026-08-25,21,876.0,112.90296803652969,eastbound
Re 43.6,2026-08-25,22,707.0,113.13719943422913,eastbound
Re 43.6,2026-08-25,23,499.0,117.05811623246493,eastbound
Re 43.6,2026-09-01,0,158.0,113.48101265822785,eastbound
Re 43.6,2026-09-01,1,91.0,106.10989010989012,eastbound
Re 43.6,2026-09-01,2,102.0,107.53921568627452,eastbound
Re 43.6,2026-09-01,3,70.0,107.02857142857142,eastbound
Re 43.6,2026-09-01,4,149.0,106.68456375838926,eastbound
Re 43.6,2026-09-01,5,394.0,112.04568527918782,eastbound
Re 43.6,2026-09-01,6,1357.0,106.30287398673545,eastbound
Re 43.6,2026-09-01,7,2567.0,103.2236073237242,eastbound
Re 43.6,2026-09-01,8,2255.6000000000004,99.70792693740023,eastbound
Re 43.6,2026-09-01,9,1803.0,102.28896283971159,eastbound
Re 43.6,2026-09-01,10,1764.0,99.35374149659864,eastbound
Re 43.6,2026-09-01,11,1744.0,98.43807339449542,eastbound
Re 43.6,2026-09-01,12,1785.0,99.01176470588236,eastbound
Re 43.6,2026-09-01,13,1859.0,100.52071005917159,eastbound
Re 43.6,2026-09-01,14,2107.0,100.67631703844329,eastbound
Re 43.6,2026-09-01,15,2656.0,84.85692771084338,eastbound
Re 43.6,2026-09-01,16,2096.0,36.0,eastbound
Re 43.6,2026-09-01,17,2142.0,103.40102707749766,eastbound
Re 43.6,2026-09-01,18,1612.0,106.0198511166253,eastbound
Re 43.6,2026-09-01,19,1167.0,110.99057412167951,eastbound
Re 43.6,2026-09-01,20,844.0,113.41706161137441,eastbound
Re 43.6,2026-09-01,21,731.0,112.93980848153215,eastbound
Re 43.6,2026-09-01,22,669.0,115.45291479820628,eastbound
Re 43.6,2026-09-01,23,336.0,114.64285714285714,eastbound
Re 43.6,2026-09-08,1,7.0,106.0,eastbound
Re 43.6,2026-09-08,2,9.0,102.0,eastbound
Re 43.6,2026-09-08,3,16.0,103.0,eastbound
Re 43.6,2026-09-08,4,77.0,103.97402597402598,eastbound
Re 43.6,2026-09-08,5,366.09999999999997,108.78038787216609,eastbound
Re 43.6,2026-09-08,6,1424.0,105.13974719101124,eastbound
Re 43.6,2026-09-08,7,2605.0,102.67562380038387,eastbound
Re 43.6,2026-09-08,8,2064.0,104.26744186046511,eastbound
Re 43.6,2026-09-08,9,1885.0,101.14907161803714,eastbound
Re 43.6,2026-09-08,10,1689.0,100.1563055062167,eastbound
Re 43.6,2026-09-08,11,1766.0,100.13590033975085,eastbound
Re 43.6,2026-09-08,12,1985.0,100.16070528967255,eastbound
Re 43.6,2026-09-08,13,1956.0,100.88343558282209,eastbound
Re 43.6,2026-09-08,14,2232.0,101.36021505376344,eastbound
Re 43.6,2026-09-08,15,2454.0,52.97555012224939,eastbound
Re 43.6,2026-09-08,16,1276.0,11.568181818181818,eastbound
Re 43.6,2026-09-08,17,1158.3000000000002,38.89199689199689,eastbound
Re 43.6,2026-09-08,18,1323.0,104.65608465608466,eastbound
Re 43.6,2026-09-08,19,1114.0,108.11669658886895,eastbound
Re 43.6,2026-09-08,20,873.0,104.46735395189003,eastbound
Re 43.6,2026-09-08,21,729.0,105.64060356652949,eastbound
Re 43.6,2026-09-08,22,615.0,112.77235772357723,eastbound
Re 43.6,2026-09-08,23,454.0,113.37444933920705,eastbound
Re 43.6,2026-09-15,0,173.0,110.17919075144509,eastbound
Re 43.6,2026-09-15,1,153.4,105.0,eastbound
Re 43.6,2026-09-15,2,105.0,110.87619047619047,eastbound
Re 43.6,2026-09-15,3,104.0,108.32692307692308,eastbound
Re 43.6,2026-09-15,4,155.0,110.31612903225806,eastbound
Re 43.6,2026-09-15,5,399.0,109.95238095238095,eastbound
Re 43.6,2026-09-15,6,1403.0,106.15894511760513,eastbound
Re 43.6,2026-09-15,7,2508.0,89.45813397129187,eastbound
Re 43.6,2026-09-15,8,1912.0,84.10930962343096,eastbound
Re 43.6,2026-09-15,9,1861.0,101.86835034927458,eastbound
Re 43.6,2026-09-15,10,1863.0,100.57971014492753,eastbound
Re 43.6,2026-09-15,11,1753.0,99.9532230462065,eastbound
Re 43.6,2026-09-15,12,1874.0,100.55282817502668,eastbound
Re 43.6,2026-09-15,13,2050.0,100.30146341463414,eastbound
Re 43.6,2026-09-15,14,2142.0,100.79645191409897,eastbound
Re 43.6,2026-09-15,15,2477.0,57.45054501412999,eastbound
Re 43.6,2026-09-15,16,2275.0,44.47824175824176,eastbound
Re 43.6,2026-09-15,17,1927.0,34.0,eastbound
Re 43.6,2026-09-15,18,1734.0,105.17301038062284,eastbound
Re 43.6,2026-09-15,19,1200.0,112.6,eastbound
Re 43.6,2026-09-15,20,865.0,112.33526011560694,eastbound
Re 43.6,2026-09-15,21,673.0,114.36552748885588,eastbound
Re 43.6,2026-09-15,22,927.0,119.48220064724919,eastbound
Re 43.6,2026-09-15,23,526.8,116.83826879271072,eastbound
Re 43.6,2026-09-22,0,163.0,111.21472392638037,eastbound
Re 43.6,2026-09-22,1,120.0,110.2,eastbound
Re 43.6,2026-09-22,2,118.0,114.21186440677967,eastbound
Re 43.6,2026-09-22,3,86.0,101.16279069767442,eastbound
Re 43.6,2026-09-22,4,139.0,109.55395683453237,eastbound
Re 43.6,2026-09-22,5,384.0,110.046875,eastbound
Re 43.6,2026-09-22,6,1382.0,105.98552821997106,eastbound
Re 43.6,2026-09-22,7,2481.0,103.23619508262797,eastbound
Re 43.6,2026-09-22,8,2299.0,101.02870813397129,eastbound
Re 43.6,2026-09-22,9,1916.0,101.4723382045929,eastbound
Re 43.6,2026-09-22,10,1642.0,100.81181485992691,eastbound
Re 43.6,2026-09-22,11,1735.0,100.72046109510086,eastbound
Re 43.6,2026-09-22,12,1741.0,101.07524411257897,eastbound
Re 43.6,2026-09-22,13,1835.0,100.76730245231607,eastbound
Re 43.6,2026-09-22,14,2047.0,101.93600390815828,eastbound
Re 43.6,2026-09-22,15,1753.0,27.44723331431831,eastbound
Re 43.6,2026-09-22,16,2235.0,90.53959731543624,eastbound
Re 43.6,2026-09-22,17,2340.0,103.58803418803419,eastbound
Re 43.6,2026-09-22,18,1668.0,104.77757793764988,eastbound
Re 43.6,2026-09-22,19,1096.0,111.03284671532846,eastbound
Re 43.6,2026-09-22,20,847.0,111.84297520661157,eastbound
Re 43.6,2026-09-22,21,689.0,112.76632801161104,eastbound
Re 43.6,2026-09-22,22,584.0,111.95890410958904,eastbound
Re 43.6,2026-09-22,23,619.0,114.61873990306947,eastbound
Re 43.6,2026-09-29,0,251.0,94.81274900398407,eastbound
Re 43.6,2026-09-29,1,101.69999999999999,92.5575221238938,eastbound
Re 43.6,2026-09-29,2,90.0,94.1,eastbound
Re 43.6,2026-09-29,3,105.0,87.66666666666667,eastbound
Re 43.6,2026-09-29,4,145.0,95.15862068965517,eastbound
Re 43.6,2026-09-29,5,401.0,107.73067331670823,eastbound
Re 43.6,2026-09-29,6,1417.0,104.36485532815809,eastbound
Re 43.6,2026-09-29,7,2658.0,101.95861550037623,eastbound
Re 43.6,2026-09-29,8,2383.0,91.58959295006295,eastbound
Re 43.6,2026-09-29,9,2087.0,100.65931959750839,eastbound
Re 43.6,2026-09-29,10,1647.0,100.70673952641165,eastbound
Re 43.6,2026-09-29,11,1772.0,100.02878103837472,eastbound
Re 43.6,2026-09-29,12,1920.0,100.748125,eastbound
Re 43.6,2026-09-29,13,1902.7,100.72696694171441,eastbound
Re 43.6,2026-09-29,14,2125.0,100.74682352941177,eastbound
Re 43.6,2026-09-29,15,2498.0,65.81745396317054,eastbound
Re 43.6,2026-09-29,16,2341.0,61.937633489961556,eastbound
Re 43.6,2026-09-29,17,2347.0,102.90242863229655,eastbound
Re 43.6,2026-09-29,18,2042.0,104.38589618021547,eastbound
Re 43.6,2026-09-29,19,1281.0,110.97267759562841,eastbound
Re 43.6,2026-09-29,20,875.0,112.35428571428571,eastbound
Re 43.6,2026-09-29,21,774.0,112.58527131782945,eastbound
Re 43.6,2026-09-29,22,716.0,113.4804469273743,eastbound
Re 43.6,2026-09-29,23,522.0,115.76436781609195,eastbound
Re 43.6,2026-10-06,0,223.0,112.54708520179372,eastbound
Re 43.6,2026-10-06,1,129.0,107.36434108527132,eastbound
Re 43.6,2026-10-06,2,121.0,109.79338842975207,eastbound
Re 43.6,2026-10-06,3,84.0,104.75,eastbound
Re 43.6,2026-10-06,4,178.0,104.35955056179775,eastbound
Re 43.6,2026-10-06,5,403.0,108.55583126550869,eastbound
Re 43.6,2026-10-06,6,1455.0,105.68659793814433,eastbound
Re 43.6,2026-10-06,7,2607.0,95.957805907173,eastbound
Re 43.6,2026-10-06,8,2118.0,100.03777148253069,eastbound
Re 43.6,2026-10-06,9,1931.0,101.92180217503883,eastbound
Re 43.6,2026-10-06,10,1791.0,100.44891122278057,eastbound
Re 43.6,2026-10-06,11,1716.0,100.35664335664336,eastbound
Re 43.6,2026-10-06,12,1854.0,100.29395900755124,eastbound
Re 43.6,2026-10-06,13,1933.0,101.12571132953957,eastbound
Re 43.6,2026-10-06,14,2122.0,101.04995287464656,eastbound
Re 43.6,2026-10-06,15,2497.0,90.51661994393272,eastbound
Re 43.6,2026-10-06,16,2630.0,100.78326996197718,eastbound
Re 43.6,2026-10-06,17,2504.0,102.49680511182109,eastbound
Re 43.6,2026-10-06,18,1703.0,106.58778625954199,eastbound
Re 43.6,2026-10-06,19,1169.0,111.7065868263473,eastbound
Re 43.6,2026-10-06,20,419.0,88.67780429594272,eastbound
Re 46.4,2026-08-25,0,349.0,107.70200573065902,eastbound
Re 46.4,2026-08-25,1,226.0,107.65486725663717,eastbound
Re 46.4,2026-08-25,2,173.0,105.05780346820809,eastbound
Re 46.4,2026-08-25,3,187.0,104.45989304812834,eastbound
Re 46.4,2026-08-25,4,271.0,105.4280442804428,eastbound
Re 46.4,2026-08-25,5,796.0,107.41708542713567,eastbound
Re 46.4,2026-08-25,6,2193.0,104.2202462380301,eastbound
Re 46.4,2026-08-25,7,3450.0,104.47826086956522,eastbound
Re 46.4,2026-08-25,8,3079.3,103.93115318416525,eastbound
Re 46.4,2026-08-25,9,2892.0,102.65698478561549,eastbound
Re 46.4,2026-08-25,10,2929.0,100.10856947763742,eastbound
Re 46.4,2026-08-25,11,2754.0,101.93899782135077,eastbound
Re 46.4,2026-08-25,12,2887.0,101.55386214063041,eastbound
Re 46.4,2026-08-25,13,2817.0,101.99006034788782,eastbound
Re 46.4,2026-08-25,14,3164.7,102.1746769046039,eastbound
Re 46.4,2026-08-25,15,3854.0,76.82330046704722,eastbound
Re 46.4,2026-08-25,16,3780.0,39.85740740740741,eastbound
Re 46.4,2026-08-25,17,3227.8,60.506351075035624,eastbound
Re 46.4,2026-08-25,18,2422.0,106.82617671345994,eastbound
Re 46.4,2026-08-25,19,1919.0,111.75247524752476,eastbound
Re 46.4,2026-08-25,20,1746.0,110.4799541809851,eastbound
Re 46.4,2026-08-25,21,1602.0,111.23970037453184,eastbound
Re 46.4,2026-08-25,22,1273.0,111.24509033778476,eastbound
Re 46.4,2026-08-25,23,826.0,113.97457627118644,eastbound
Re 46.4,2026-09-01,0,260.0,112.26923076923077,eastbound
Re 46.4,2026-09-01,1,162.0,105.33333333333333,eastbound
Re 46.4,2026-09-01,2,144.0,106.90972222222223,eastbound
Re 46.4,2026-09-01,3,123.0,103.36585365853658,eastbound
Re 46.4,2026-09-01,4,267.0,105.1310861423221,eastbound
Re 46.4,2026-09-01,5,779.0,109.84467265725289,eastbound
Re 46.4,2026-09-01,6,2300.0,105.05478260869565,eastbound
Re 46.4,2026-09-01,7,3820.0,104.20523560209423,eastbound
Re 46.4,2026-09-01,8,3079.0,59.97531666125365,eastbound
Re 46.4,2026-09-01,9,2601.0,103.78777393310266,eastbound
Re 46.4,2026-09-01,10,2502.0,102.49280575539568,eastbound
Re 46.4,2026-09-01,11,2522.0,101.15622521808089,eastbound
Re 46.4,2026-09-01,12,2682.0,102.72259507829978,eastbound
Re 46.4,2026-09-01,13,2843.0,102.86774533943019,eastbound
Re 46.4,2026-09-01,14,3197.0,103.03253049734126,eastbound
Re 46.4,2026-09-01,15,3855.0,78.7769130998703,eastbound
Re 46.4,2026-09-01,16,3539.0,44.64368465668268,eastbound
Re 46.4,2026-09-01,17,3224.0,67.1302729528536,eastbound
Re 46.4,2026-09-01,18,2379.0,107.99747793190416,eastbound
Re 46.4,2026-09-01,19,1797.0,110.54257095158597,eastbound
Re 46.4,2026-09-01,20,1614.9,111.10440274939624,eastbound
Re 46.4,2026-09-01,21,1450.0,112.07379310344828,eastbound
Re 46.4,2026-09-01,22,1278.0,114.17840375586854,eastbound
Re 46.4,2026-09-01,23,631.0,112.43740095087163,eastbound
Re 46.4,2026-09-08,0,277.0,106.35018050541517,eastbound
Re 46.4,2026-09-08,1,184.0,102.34239130434783,eastbound
Re 46.4,2026-09-08,2,139.0,102.79856115107914,eastbound
Re 46.4,2026-09-08,3,134.0,103.02985074626865,eastbound
Re 46.4,2026-09-08,4,279.0,102.39068100358423,eastbound
Re 46.4,2026-09-08,5,871.0,106.74626865671642,eastbound
Re 46.4,2026-09-08,6,2566.0,104.10756040530008,eastbound
Re 46.4,2026-09-08,7,3975.0,101.79924528301886,eastbound
Re 46.4,2026-09-08,8,3260.0,104.3383435582822,eastbound
Re 46.4,2026-09-08,9,2786.0,102.21895190236899,eastbound
Re 46.4,2026-09-08,10,2558.0,101.94917904612979,eastbound
Re 46.4,2026-09-08,11,2687.0,102.48492742835876,eastbound
Re 46.4,2026-09-08,12,3061.0,101.64717412610258,eastbound
Re 46.4,2026-09-08,13,3150.5,101.788478019362,eastbound
Re 46.4,2026-09-08,14,3567.0,101.1188673955705,eastbound
Re 46.4,2026-09-08,15,3757.0,53.0,eastbound
Re 46.4,2026-09-08,16,2941.0,33.07990479428766,eastbound
Re 46.4,2026-09-08,17,2361.3,21.16880531910388,eastbound
Re 46.4,2026-09-08,18,2095.0,39.82243436754177,eastbound
Re 46.4,2026-09-08,19,1977.0,105.49317147192716,eastbound
Re 46.4,2026-09-08,20,1783.0,102.34099831744251,eastbound
Re 46.4,2026-09-08,21,1467.0,98.51329243353783,eastbound
Re 46.4,2026-09-08,22,1224.0,110.31535947712419,eastbound
Re 46.4,2026-09-08,23,848.0,110.42334905660377,eastbound
Re 46.4,2026-09-15,0,332.0,108.57831325301204,eastbound
Re 46.4,2026-09-15,1,241.0,105.95850622406638,eastbound
Re 46.4,2026-09-15,2,175.0,104.48,eastbound
Re 46.4,2026-09-15,3,179.0,103.26256983240224,eastbound
Re 46.4,2026-09-15,4,294.0,104.5,eastbound
Re 46.4,2026-09-15,5,808.4000000000001,108.6333498268184,eastbound
Re 46.4,2026-09-15,6,2310.5,105.67552477818653,eastbound
Re 46.4,2026-09-15,7,3455.0,73.65094066570188,eastbound
Re 46.4,2026-09-15,8,2689.0,43.49869840089252,eastbound
Re 46.4,2026-09-15,9,2569.0,103.72051381860646,eastbound
Re 46.4,2026-09-15,10,2601.0,102.50326797385621,eastbound
Re 46.4,2026-09-15,11,2571.0,102.00739012057565,eastbound
Re 46.4,2026-09-15,12,2736.0,102.78179824561404,eastbound
Re 46.4,2026-09-15,13,3073.0,102.43898470549951,eastbound
Re 46.4,2026-09-15,14,3346.8,102.7209573323772,eastbound
Re 46.4,2026-09-15,15,3791.0,73.08256396729095,eastbound
Re 46.4,2026-09-15,16,3478.0,40.89936745255894,eastbound
Re 46.4,2026-09-15,17,3216.0,33.62126865671642,eastbound
Re 46.4,2026-09-15,18,2589.0,65.87176516029355,eastbound
Re 46.4,2026-09-15,19,1845.0,112.37560975609756,eastbound
Re 46.4,2026-09-15,20,1394.0,111.52080344332855,eastbound
Re 46.4,2026-09-15,21,1178.0,113.11375212224108,eastbound
Re 46.4,2026-09-15,22,1350.0,117.97777777777777,eastbound
Re 46.4,2026-09-15,23,807.0,115.08921933085502,eastbound
Re 46.4,2026-09-22,0,319.0,107.53291536050156,eastbound
Re 46.4,2026-09-22,1,239.0,107.01255230125523,eastbound
Re 46.4,2026-09-22,2,198.0,106.02020202020202,eastbound
Re 46.4,2026-09-22,3,199.0,100.8140703517588,eastbound
Re 46.4,2026-09-22,4,260.0,106.41538461538461,eastbound
Re 46.4,2026-09-22,5,832.0,107.84375,eastbound
Re 46.4,2026-09-22,6,2411.0,105.12567399419328,eastbound
Re 46.4,2026-09-22,7,3597.0,104.24325827078121,eastbound
Re 46.4,2026-09-22,8,3232.0,103.84158415841584,eastbound
Re 46.4,2026-09-22,9,2620.0,103.30534351145039,eastbound
Re 46.4,2026-09-22,10,2549.0,102.41938014907807,eastbound
Re 46.4,2026-09-22,11,2550.0,102.46666666666667,eastbound
Re 46.4,2026-09-22,12,2701.0,103.1251388374676,eastbound
Re 46.4,2026-09-22,13,2811.9,102.40477968633309,eastbound
Re 46.4,2026-09-22,14,3228.0,102.1536555142503,eastbound
Re 46.4,2026-09-22,15,3129.0,45.638862256311924,eastbound
Re 46.4,2026-09-22,16,3396.0,37.85865724381625,eastbound
Re 46.4,2026-09-22,17,3521.0,74.40613462084634,eastbound
Re 46.4,2026-09-22,18,2505.0,106.5624750499002,eastbound
Re 46.4,2026-09-22,19,1991.0,109.62782521346057,eastbound
Re 46.4,2026-09-22,20,1637.0,109.4801466096518,eastbound
Re 46.4,2026-09-22,21,1429.0,110.99020293911826,eastbound
Re 46.4,2026-09-22,22,1117.0,112.24171888988361,eastbound
Re 46.4,2026-09-22,23,856.0,113.79439252336448,eastbound
Re 46.4,2026-09-29,0,383.0,108.52480417754569,eastbound
Re 46.4,2026-09-29,1,210.0,105.5904761904762,eastbound
Re 46.4,2026-09-29,2,174.0,104.24712643678161,eastbound
Re 46.4,2026-09-29,3,192.0,99.59375,eastbound
Re 46.4,2026-09-29,4,281.0,105.88256227758008,eastbound
Re 46.4,2026-09-29,5,805.0,105.9888198757764,eastbound
Re 46.4,2026-09-29,6,2513.0,103.93195384003184,eastbound
Re 46.4,2026-09-29,7,3905.0,101.37823303457107,eastbound
Re 46.4,2026-09-29,8,3170.0,103.46687697160883,eastbound
Re 46.4,2026-09-29,9,2800.0,102.98035714285714,eastbound
Re 46.4,2026-09-29,10,2427.0,102.02224969097651,eastbound
Re 46.4,2026-09-29,11,2570.0,101.9863813229572,eastbound
Re 46.4,2026-09-29,12,2834.3,102.88229898034787,eastbound
Re 46.4,2026-09-29,13,2804.8,101.72732458642328,eastbound
Re 46.4,2026-09-29,14,3235.0,101.7758887171561,eastbound
Re 46.4,2026-09-29,15,3639.0,54.8318219291014,eastbound
Re 46.4,2026-09-29,16,3431.0,49.825415330807346,eastbound
Re 46.4,2026-09-29,17,2980.0,70.23355704697987,eastbound
Re 46.4,2026-09-29,18,2714.0,106.23065585851143,eastbound
Re 46.4,2026-09-29,19,1973.0,110.2818043588444,eastbound
Re 46.4,2026-09-29,20,1696.0,110.17216981132076,eastbound
Re 46.4,2026-09-29,21,1455.0,112.29896907216495,eastbound
Re 46.4,2026-09-29,22,1219.0,114.02707136997539,eastbound
Re 46.4,2026-09-29,23,836.0,115.28947368421052,eastbound
Re 46.4,2026-10-06,0,287.0,111.07317073170732,eastbound
Re 46.4,2026-10-06,1,171.0,106.70175438596492,eastbound
Re 46.4,2026-10-06,2,164.0,104.95121951219512,eastbound
Re 46.4,2026-10-06,3,124.0,104.35483870967742,eastbound
Re 46.4,2026-10-06,4,261.0,106.20306513409962,eastbound
Re 46.4,2026-10-06,5,764.0,106.54057591623037,eastbound
Re 46.4,2026-10-06,6,2524.0,103.99207606973059,eastbound
Re 46.4,2026-10-06,7,3485.0,81.68378766140603,eastbound
Re 46.4,2026-10-06,8,2901.0,105.56153050672182,eastbound
Re 46.4,2026-10-06,9,2607.0,103.70847717683161,eastbound
Re 46.4,2026-10-06,10,2549.0,101.70851314240879,eastbound
Re 46.4,2026-10-06,11,2592.0,101.6550925925926,eastbound
Re 46.4,2026-10-06,12,2790.0,102.49462365591398,eastbound
Re 46.4,2026-10-06,13,2816.0,103.55681818181819,eastbound
Re 46.4,2026-10-06,14,3149.0,102.74531597332486,eastbound
Re 46.4,2026-10-06,15,3711.0,65.63864187550526,eastbound
Re 46.4,2026-10-06,16,3686.0,49.927292457948994,eastbound
Re 46.4,2026-10-06,17,3551.0,47.0,eastbound
Re 46.4,2026-10-06,18,2453.0,108.027721157766,eastbound
Re 46.4,2026-10-06,19,2002.0,109.6113886113886,eastbound
Re 46.4,2026-10-06,20,1384.0,111.3135838150289,eastbound
Re 46.4,2026-10-06,21,58.0,90.3103448275862,eastbound
Re 46.4,2026-10-06,22,0.0,,eastbound
Re 46.4,2026-10-06,23,0.0,,eastbound
Re 86.5,2026-08-25,0,245.0,111.0,eastbound
Re 86.5,2026-08-25,1,168.0,104.0,eastbound
Re 86.5,2026-08-25,2,119.0,103.0,eastbound
Re 86.5,2026-08-25,3,119.0,102.0,eastbound
Re 86.5,2026-08-25,4,190.0,101.0,eastbound
Re 86.5,2026-08-25,5,492.0,108.0,eastbound
Re 86.5,2026-08-25,6,1308.0,107.0,eastbound
Re 86.5,2026-08-25,7,2180.0,108.0,eastbound
Re 86.5,2026-08-25,8,2378.6,106.0,eastbound
Re 86.5,2026-08-25,9,2226.0,105.0,eastbound
Re 86.5,2026-08-25,10,2178.0,104.0,eastbound
Re 86.5,2026-08-25,11,2168.0,103.0,eastbound
Re 86.5,2026-08-25,12,2408.0,103.0,eastbound
Re 86.5,2026-08-25,13,2533.0,103.0,eastbound
Re 86.5,2026-08-25,14,2813.9,103.0,eastbound
Re 86.5,2026-08-25,15,3509.0,103.0,eastbound
Re 86.5,2026-08-25,16,4428.0,104.0,eastbound
Re 86.5,2026-08-25,17,4004.0,104.0,eastbound
Re 86.5,2026-08-25,18,2316.0,108.0,eastbound
Re 86.5,2026-08-25,19,1483.0,115.0,eastbound
Re 86.5,2026-08-25,20,1126.0,117.0,eastbound
Re 86.5,2026-08-25,21,987.0,116.0,eastbound
Re 86.5,2026-08-25,22,807.0,118.0,eastbound
Re 86.5,2026-08-25,23,551.0,119.0,eastbound
Re 86.5,2026-09-01,0,51.0,104.0,eastbound
Re 86.5,2026-09-01,1,36.0,99.0,eastbound
Re 86.5,2026-09-01,2,26.0,105.0,eastbound
Re 86.5,2026-09-01,3,54.0,96.0,eastbound
Re 86.5,2026-09-01,4,122.0,103.0,eastbound
Re 86.5,2026-09-01,5,441.0,110.0,eastbound
Re 86.5,2026-09-01,6,1388.0,109.0,eastbound
Re 86.5,2026-09-01,7,2435.0,108.0,eastbound
Re 86.5,2026-09-01,8,2435.0,107.0,eastbound
Re 86.5,2026-09-01,9,1946.0,106.0,eastbound
Re 86.5,2026-09-01,10,1890.5,105.0,eastbound
Re 86.5,2026-09-01,11,2087.0,103.0,eastbound
Re 86.5,2026-09-01,12,2244.0,104.0,eastbound
Re 86.5,2026-09-01,13,2350.0,104.0,eastbound
Re 86.5,2026-09-01,14,2823.0,104.0,eastbound
Re 86.5,2026-09-01,15,3499.0,105.0,eastbound
Re 86.5,2026-09-01,16,4381.0,105.0,eastbound
Re 86.5,2026-09-01,17,3952.0,106.0,eastbound
Re 86.5,2026-09-01,18,2132.0,110.0,eastbound
Re 86.5,2026-09-01,19,1480.0,115.0,eastbound
Re 86.5,2026-09-01,20,1280.3,115.0,eastbound
Re 86.5,2026-09-01,21,923.0,116.0,eastbound
Re 86.5,2026-09-01,22,796.0,118.0,eastbound
Re 86.5,2026-09-01,23,505.0,115.0,eastbound
Re 86.5,2026-09-08,0,258.0,112.0,eastbound
Re 86.5,2026-09-08,1,163.0,107.0,eastbound
Re 86.5,2026-09-08,2,124.0,102.0,eastbound
Re 86.5,2026-09-08,3,124.0,104.0,eastbound
Re 86.5,2026-09-08,4,204.0,104.0,eastbound
Re 86.5,2026-09-08,5,580.0,108.0,eastbound
Re 86.5,2026-09-08,6,1547.0,108.0,eastbound
Re 86.5,2026-09-08,7,2542.4,105.0,eastbound
Re 86.5,2026-09-08,8,2407.0,107.0,eastbound
Re 86.5,2026-09-08,9,1987.0,106.0,eastbound
Re 86.5,2026-09-08,10,2015.0,105.0,eastbound
Re 86.5,2026-09-08,11,2238.0,103.0,eastbound
Re 86.5,2026-09-08,12,2530.0,103.0,eastbound
Re 86.5,2026-09-08,13,2621.0,104.0,eastbound
Re 86.5,2026-09-08,14,2917.0,104.0,eastbound
Re 86.5,2026-09-08,15,3603.0,105.0,eastbound
Re 86.5,2026-09-08,16,4345.0,104.0,eastbound
Re 86.5,2026-09-08,17,3438.3,106.00000000000001,eastbound
Re 86.5,2026-09-08,18,2282.0,109.0,eastbound
Re 86.5,2026-09-08,19,1776.0,112.0,eastbound
Re 86.5,2026-09-08,20,1277.0,114.0,eastbound
Re 86.5,2026-09-08,21,915.0,114.0,eastbound
Re 86.5,2026-09-08,22,766.0,117.0,eastbound
Re 86.5,2026-09-08,23,592.0,116.0,eastbound
Re 86.5,2026-09-15,0,217.0,107.0,eastbound
Re 86.5,2026-09-15,1,171.0,107.0,eastbound
Re 86.5,2026-09-15,2,120.0,102.0,eastbound
Re 86.5,2026-09-15,3,131.0,105.0,eastbound
Re 86.5,2026-09-15,4,228.0,104.0,eastbound
Re 86.5,2026-09-15,5,523.0,110.0,eastbound
Re 86.5,2026-09-15,6,1495.9,109.0,eastbound
Re 86.5,2026-09-15,7,2364.0,107.0,eastbound
Re 86.5,2026-09-15,8,2276.0,108.0,eastbound
Re 86.5,2026-09-15,9,2048.0,106.0,eastbound
Re 86.5,2026-09-15,10,2027.0,106.0,eastbound
Re 86.5,2026-09-15,11,2136.0,104.0,eastbound
Re 86.5,2026-09-15,12,2459.0,104.0,eastbound
Re 86.5,2026-09-15,13,2576.0,105.0,eastbound
Re 86.5,2026-09-15,14,2914.0,104.0,eastbound
Re 86.5,2026-09-15,15,3552.0,105.0,eastbound
Re 86.5,2026-09-15,16,4435.0,105.0,eastbound
Re 86.5,2026-09-15,17,3854.0,107.0,eastbound
Re 86.5,2026-09-15,18,2569.0,108.0,eastbound
Re 86.5,2026-09-15,19,1432.0,115.0,eastbound
Re 86.5,2026-09-15,20,1076.0,114.0,eastbound
Re 86.5,2026-09-15,21,477.0,111.0,eastbound
Re 86.5,2026-09-15,22,424.0,113.0,eastbound
Re 86.5,2026-09-15,23,273.0,114.0,eastbound
Re 86.5,2026-09-22,0,277.0,108.0,eastbound
Re 86.5,2026-09-22,1,158.0,102.0,eastbound
Re 86.5,2026-09-22,2,137.0,104.0,eastbound
Re 86.5,2026-09-22,3,142.0,106.0,eastbound
Re 86.5,2026-09-22,4,218.0,106.0,eastbound
Re 86.5,2026-09-22,5,460.0,108.0,eastbound
Re 86.5,2026-09-22,6,1450.0,108.0,eastbound
Re 86.5,2026-09-22,7,2366.0,107.0,eastbound
Re 86.5,2026-09-22,8,2464.0,107.0,eastbound
Re 86.5,2026-09-22,9,1984.0,105.0,eastbound
Re 86.5,2026-09-22,10,1925.0,104.0,eastbound
Re 86.5,2026-09-22,11,1848.0,105.0,eastbound
Re 86.5,2026-09-22,12,2326.0,104.0,eastbound
Re 86.5,2026-09-22,13,2414.2,103.0,eastbound
Re 86.5,2026-09-22,14,2717.0,104.0,eastbound
Re 86.5,2026-09-22,15,3373.0,104.0,eastbound
Re 86.5,2026-09-22,16,4547.0,104.0,eastbound
Re 86.5,2026-09-22,17,3984.0,105.0,eastbound
Re 86.5,2026-09-22,18,2168.0,110.0,eastbound
Re 86.5,2026-09-22,19,1456.0,116.0,eastbound
Re 86.5,2026-09-22,20,1126.0,116.0,eastbound
Re 86.5,2026-09-22,21,889.0,117.0,eastbound
Re 86.5,2026-09-22,22,735.0,118.0,eastbound
Re 86.5,2026-09-22,23,460.0,117.0,eastbound
Re 86.5,2026-09-29,0,242.0,113.0,eastbound
Re 86.5,2026-09-29,1,128.0,107.0,eastbound
Re 86.5,2026-09-29,2,108.0,100.0,eastbound
Re 86.5,2026-09-29,3,131.0,102.0,eastbound
Re 86.5,2026-09-29,4,201.0,103.0,eastbound
Re 86.5,2026-09-29,5,501.0,108.0,eastbound
Re 86.5,2026-09-29,6,1430.0,107.0,eastbound
Re 86.5,2026-09-29,7,2499.0,106.0,eastbound
Re 86.5,2026-09-29,8,2445.0,107.0,eastbound
Re 86.5,2026-09-29,9,1857.0,106.0,eastbound
Re 86.5,2026-09-29,10,1939.0,105.0,eastbound
Re 86.5,2026-09-29,11,2102.0,103.0,eastbound
Re 86.5,2026-09-29,12,2396.9,103.0,eastbound
Re 86.5,2026-09-29,13,2505.8,104.0,eastbound
Re 86.5,2026-09-29,14,2636.0,104.0,eastbound
Re 86.5,2026-09-29,15,3774.0,104.0,eastbound
Re 86.5,2026-09-29,16,4460.0,104.0,eastbound
Re 86.5,2026-09-29,17,3883.0,107.0,eastbound
Re 86.5,2026-09-29,18,2060.0,111.0,eastbound
Re 86.5,2026-09-29,19,1705.0,115.0,eastbound
Re 86.5,2026-09-29,20,1101.0,117.0,eastbound
Re 86.5,2026-09-29,21,968.0,119.0,eastbound
Re 86.5,2026-09-29,22,758.0,118.0,eastbound
Re 86.5,2026-09-29,23,602.0,120.0,eastbound
Re 86.5,2026-10-06,0,200.0,111.0,eastbound
Re 86.5,2026-10-06,1,112.0,102.0,eastbound
Re 86.5,2026-10-06,2,105.0,103.0,eastbound
Re 86.5,2026-10-06,3,106.0,103.0,eastbound
Re 86.5,2026-10-06,4,152.0,98.0,eastbound
Re 86.5,2026-10-06,5,469.0,109.0,eastbound
Re 86.5,2026-10-06,6,1413.0,108.0,eastbound
Re 86.5,2026-10-06,7,2317.0,107.0,eastbound
Re 86.5,2026-10-06,8,2514.0,107.0,eastbound
Re 86.5,2026-10-06,9,1949.0,106.0,eastbound
Re 86.5,2026-10-06,10,1991.0,104.0,eastbound
Re 86.5,2026-10-06,11,1996.0,104.0,eastbound
Re 86.5,2026-10-06,12,2242.0,104.0,eastbound
Re 86.5,2026-10-06,13,2472.0,104.0,eastbound
Re 86.5,2026-10-06,14,2783.0,103.0,eastbound
Re 86.5,2026-10-06,15,3574.0,104.0,eastbound
Re 86.5,2026-10-06,16,4838.0,103.0,eastbound
Re 86.5,2026-10-06,17,4280.0,106.0,eastbound
Re 86.5,2026-10-06,18,2419.0,109.0,eastbound
Re 86.5,2026-10-06,19,1499.0,116.0,eastbound
Re 86.5,2026-10-06,20,1166.0,119.0,eastbound
Re 86.5,2026-10-06,21,693.0,118.0,eastbound
Re 86.5,2026-10-06,22,670.0,118.0,eastbound
Re 86.5,2026-10-06,23,322.0,116.0,eastbound
Re 90.5,2026-08-25,0,392.0,110.0,eastbound
Re 90.5,2026-08-25,1,288.0,102.0,eastbound
Re 90.5,2026-08-25,2,184.0,97.0,eastbound
Re 90.5,2026-08-25,3,183.0,97.0,eastbound
Re 90.5,2026-08-25,4,296.0,100.0,eastbound
Re 90.5,2026-08-25,5,695.0,101.0,eastbound
Re 90.5,2026-08-25,6,2232.0,103.0,eastbound
Re 90.5,2026-08-25,7,3536.0,104.0,eastbound
Re 90.5,2026-08-25,8,3696.6,104.0,eastbound
Re 90.5,2026-08-25,9,3262.0,102.0,eastbound
Re 90.5,2026-08-25,10,3037.0,100.0,eastbound
Re 90.5,2026-08-25,11,3050.0,100.0,eastbound
Re 90.5,2026-08-25,12,3343.0,100.0,eastbound
Re 90.5,2026-08-25,13,3448.0,101.0,eastbound
Re 90.5,2026-08-25,14,4087.1,101.0,eastbound
Re 90.5,2026-08-25,15,4702.0,102.0,eastbound
Re 90.5,2026-08-25,16,5903.0,104.0,eastbound
Re 90.5,2026-08-25,17,5629.0,104.0,eastbound
Re 90.5,2026-08-25,18,3624.0,105.0,eastbound
Re 90.5,2026-08-25,19,2329.0,108.0,eastbound
Re 90.5,2026-08-25,20,1606.0,111.0,eastbound
Re 90.5,2026-08-25,21,1377.0,110.0,eastbound
Re 90.5,2026-08-25,22,1138.0,113.0,eastbound
Re 90.5,2026-08-25,23,742.0,113.0,eastbound
Re 90.5,2026-09-01,0,321.0,106.0,eastbound
Re 90.5,2026-09-01,1,225.0,101.0,eastbound
Re 90.5,2026-09-01,2,168.0,96.0,eastbound
Re 90.5,2026-09-01,3,194.0,96.0,eastbound
Re 90.5,2026-09-01,4,270.0,98.0,eastbound
Re 90.5,2026-09-01,5,687.0,104.0,eastbound
Re 90.5,2026-09-01,6,2349.0,105.0,eastbound
Re 90.5,2026-09-01,7,3943.0,105.0,eastbound
Re 90.5,2026-09-01,8,3969.0,106.0,eastbound
Re 90.5,2026-09-01,9,3023.0,103.0,eastbound
Re 90.5,2026-09-01,10,2853.0,101.0,eastbound
Re 90.5,2026-09-01,11,2966.0,101.0,eastbound
Re 90.5,2026-09-01,12,3328.0,101.0,eastbound
Re 90.5,2026-09-01,13,3369.0,102.0,eastbound
Re 90.5,2026-09-01,14,3988.0,103.0,eastbound
Re 90.5,2026-09-01,15,4962.0,104.0,eastbound
Re 90.5,2026-09-01,16,6319.0,104.0,eastbound
Re 90.5,2026-09-01,17,5734.0,105.0,eastbound
Re 90.5,2026-09-01,18,3303.0,106.0,eastbound
Re 90.5,2026-09-01,19,2184.0,109.0,eastbound
Re 90.5,2026-09-01,20,1683.1,110.99999999999999,eastbound
Re 90.5,2026-09-01,21,1421.0,111.0,eastbound
Re 90.5,2026-09-01,22,1168.0,113.0,eastbound
Re 90.5,2026-09-01,23,661.0,111.0,eastbound
Re 90.5,2026-09-08,0,429.0,107.0,eastbound
Re 90.5,2026-09-08,1,306.0,102.0,eastbound
Re 90.5,2026-09-08,2,206.0,94.0,eastbound
Re 90.5,2026-09-08,3,200.0,97.0,eastbound
Re 90.5,2026-09-08,4,295.0,99.0,eastbound
Re 90.5,2026-09-08,5,739.0,102.0,eastbound
Re 90.5,2026-09-08,6,2275.0,104.0,eastbound
Re 90.5,2026-09-08,7,3826.0,105.0,eastbound
Re 90.5,2026-09-08,8,3908.0,105.0,eastbound
Re 90.5,2026-09-08,9,2872.0,102.0,eastbound
Re 90.5,2026-09-08,10,2778.0,101.0,eastbound
Re 90.5,2026-09-08,11,3018.0,100.0,eastbound
Re 90.5,2026-09-08,12,3426.0,100.0,eastbound
Re 90.5,2026-09-08,13,3552.0,101.0,eastbound
Re 90.5,2026-09-08,14,4040.0,103.0,eastbound
Re 90.5,2026-09-08,15,4876.0,104.0,eastbound
Re 90.5,2026-09-08,16,6195.0,103.0,eastbound
Re 90.5,2026-09-08,17,5519.0,104.0,eastbound
Re 90.5,2026-09-08,18,3315.0,106.0,eastbound
Re 90.5,2026-09-08,19,2579.0,107.0,eastbound
Re 90.5,2026-09-08,20,1889.0,108.0,eastbound
Re 90.5,2026-09-08,21,1369.0,109.0,eastbound
Re 90.5,2026-09-08,22,1100.0,112.0,eastbound
Re 90.5,2026-09-08,23,749.0,112.0,eastbound
Re 90.5,2026-09-15,0,352.0,105.0,eastbound
Re 90.5,2026-09-15,1,290.0,102.0,eastbound
Re 90.5,2026-09-15,2,201.0,95.0,eastbound
Re 90.5,2026-09-15,3,201.0,99.0,eastbound
Re 90.5,2026-09-15,4,321.0,103.0,eastbound
Re 90.5,2026-09-15,5,720.0,103.0,eastbound
Re 90.5,2026-09-15,6,2359.3,104.0,eastbound
Re 90.5,2026-09-15,7,4010.0,105.0,eastbound
Re 90.5,2026-09-15,8,3820.0,105.0,eastbound
Re 90.5,2026-09-15,9,3281.0,103.0,eastbound
Re 90.5,2026-09-15,10,3085.0,102.0,eastbound
Re 90.5,2026-09-15,11,3015.0,101.0,eastbound
Re 90.5,2026-09-15,12,3435.0,102.0,eastbound
Re 90.5,2026-09-15,13,3652.0,102.0,eastbound
Re 90.5,2026-09-15,14,4170.0,103.0,eastbound
Re 90.5,2026-09-15,15,5108.0,103.0,eastbound
Re 90.5,2026-09-15,16,6278.0,104.0,eastbound
Re 90.5,2026-09-15,17,5837.0,105.0,eastbound
Re 90.5,2026-09-15,18,3795.0,106.0,eastbound
Re 90.5,2026-09-15,19,2401.0,109.0,eastbound
Re 90.5,2026-09-15,20,1711.0,109.0,eastbound
Re 90.5,2026-09-15,21,1180.0,112.0,eastbound
Re 90.5,2026-09-15,22,1153.0,112.0,eastbound
Re 90.5,2026-09-15,23,830.0,116.0,eastbound
Re 90.5,2026-09-22,0,375.0,105.0,eastbound
Re 90.5,2026-09-22,1,243.0,99.0,eastbound
Re 90.5,2026-09-22,2,201.0,97.0,eastbound
Re 90.5,2026-09-22,3,200.0,98.0,eastbound
Re 90.5,2026-09-22,4,324.0,101.0,eastbound
Re 90.5,2026-09-22,5,703.0,102.0,eastbound
Re 90.5,2026-09-22,6,2349.0,105.0,eastbound
Re 90.5,2026-09-22,7,4044.0,104.0,eastbound
Re 90.5,2026-09-22,8,4038.0,105.0,eastbound
Re 90.5,2026-09-22,9,2971.0,102.0,eastbound
Re 90.5,2026-09-22,10,2832.0,100.0,eastbound
Re 90.5,2026-09-22,11,2970.0,99.0,eastbound
Re 90.5,2026-09-22,12,3442.0,98.0,eastbound
Re 90.5,2026-09-22,13,3455.6,98.0,eastbound
Re 90.5,2026-09-22,14,4064.0,99.0,eastbound
Re 90.5,2026-09-22,15,4945.0,103.0,eastbound
Re 90.5,2026-09-22,16,6462.0,103.0,eastbound
Re 90.5,2026-09-22,17,6024.0,103.0,eastbound
Re 90.5,2026-09-22,18,3393.0,106.0,eastbound
Re 90.5,2026-09-22,19,2275.0,109.0,eastbound
Re 90.5,2026-09-22,20,1748.0,110.0,eastbound
Re 90.5,2026-09-22,21,1471.0,113.0,eastbound
Re 90.5,2026-09-22,22,1123.0,113.0,eastbound
Re 90.5,2026-09-22,23,728.0,112.0,eastbound
Re 90.5,2026-09-29,0,390.0,104.0,eastbound
Re 90.5,2026-09-29,1,238.0,101.0,eastbound
Re 90.5,2026-09-29,2,209.0,97.0,eastbound
Re 90.5,2026-09-29,3,207.0,95.0,eastbound
Re 90.5,2026-09-29,4,348.0,98.0,eastbound
Re 90.5,2026-09-29,5,768.0,101.0,eastbound
Re 90.5,2026-09-29,6,2435.0,104.0,eastbound
Re 90.5,2026-09-29,7,4008.0,103.0,eastbound
Re 90.5,2026-09-29,8,4031.0,105.0,eastbound
Re 90.5,2026-09-29,9,2992.0,103.0,eastbound
Re 90.5,2026-09-29,10,2959.0,101.0,eastbound
Re 90.5,2026-09-29,11,3069.0,100.0,eastbound
Re 90.5,2026-09-29,12,3467.8,100.0,eastbound
Re 90.5,2026-09-29,13,3670.2,100.99999999999999,eastbound
Re 90.5,2026-09-29,14,3970.0,102.0,eastbound
Re 90.5,2026-09-29,15,5205.0,102.0,eastbound
Re 90.5,2026-09-29,16,6232.0,103.0,eastbound
Re 90.5,2026-09-29,17,5789.0,105.0,eastbound
Re 90.5,2026-09-29,18,3316.0,107.0,eastbound
Re 90.5,2026-09-29,19,2757.0,108.0,eastbound
Re 90.5,2026-09-29,20,1775.0,112.0,eastbound
Re 90.5,2026-09-29,21,1464.0,113.0,eastbound
Re 90.5,2026-09-29,22,1179.0,113.0,eastbound
Re 90.5,2026-09-29,23,817.0,113.0,eastbound
Re 90.5,2026-10-06,0,394.0,107.0,eastbound
Re 90.5,2026-10-06,1,246.0,99.0,eastbound
Re 90.5,2026-10-06,2,221.0,98.0,eastbound
Re 90.5,2026-10-06,3,211.0,97.0,eastbound
Re 90.5,2026-10-06,4,288.0,97.0,eastbound
Re 90.5,2026-10-06,5,746.0,102.0,eastbound
Re 90.5,2026-10-06,6,2450.0,103.0,eastbound
Re 90.5,2026-10-06,7,3963.0,104.0,eastbound
Re 90.5,2026-10-06,8,3999.0,105.0,eastbound
Re 90.5,2026-10-06,9,2959.0,102.0,eastbound
Re 90.5,2026-10-06,10,2958.0,101.0,eastbound
Re 90.5,2026-10-06,11,2873.0,101.0,eastbound
Re 90.5,2026-10-06,12,3255.0,101.0,eastbound
Re 90.5,2026-10-06,13,3641.0,102.0,eastbound
Re 90.5,2026-10-06,14,3991.0,102.0,eastbound
Re 90.5,2026-10-06,15,5028.0,103.0,eastbound
Re 90.5,2026-10-06,16,6540.0,103.0,eastbound
Re 90.5,2026-10-06,17,6005.0,105.0,eastbound
Re 90.5,2026-10-06,18,3630.0,106.0,eastbound
Re 90.5,2026-10-06,19,2408.0,109.0,eastbound
Re 90.5,2026-10-06,20,1813.0,111.0,eastbound
Re 90.5,2026-10-06,21,1237.0,113.0,eastbound
Re 90.5,2026-10-06,22,1329.0,113.0,eastbound
Re 90.5,2026-10-06,23,697.0,112.0,eastbound
Re 104.4,2026-08-25,0,345.0,104.0,eastbound
Re 104.4,2026-08-25,1,257.0,99.0,eastbound
Re 104.4,2026-08-25,2,175.0,95.0,eastbound
Re 104.4,2026-08-25,3,161.0,95.0,eastbound
Re 104.4,2026-08-25,4,256.0,98.0,eastbound
Re 104.4,2026-08-25,5,583.0,102.0,eastbound
Re 104.4,2026-08-25,6,1939.0,103.0,eastbound
Re 104.4,2026-08-25,7,3083.0,89.0,eastbound
Re 104.4,2026-08-25,8,3484.1,105.0,eastbound
Re 104.4,2026-08-25,9,2949.0,102.0,eastbound
Re 104.4,2026-08-25,10,2778.0,101.0,eastbound
Re 104.4,2026-08-25,11,2765.0,102.0,eastbound
Re 104.4,2026-08-25,12,2991.0,101.0,eastbound
Re 104.4,2026-08-25,13,3247.0,102.0,eastbound
Re 104.4,2026-08-25,14,3679.3,103.0,eastbound
Re 104.4,2026-08-25,15,4234.0,104.0,eastbound
Re 104.4,2026-08-25,16,5505.0,106.0,eastbound
Re 104.4,2026-08-25,17,5358.0,106.0,eastbound
Re 104.4,2026-08-25,18,3431.0,106.0,eastbound
Re 104.4,2026-08-25,19,2165.0,109.0,eastbound
Re 104.4,2026-08-25,20,1513.0,110.0,eastbound
Re 104.4,2026-08-25,21,1302.0,109.0,eastbound
Re 104.4,2026-08-25,22,1077.0,110.0,eastbound
Re 104.4,2026-08-25,23,674.0,111.0,eastbound
Re 104.4,2026-09-01,0,304.0,103.0,eastbound
Re 104.4,2026-09-01,1,208.0,99.0,eastbound
Re 104.4,2026-09-01,2,170.0,98.0,eastbound
Re 104.4,2026-09-01,3,177.0,98.0,eastbound
Re 104.4,2026-09-01,4,221.0,99.0,eastbound
Re 104.4,2026-09-01,5,604.0,104.0,eastbound
Re 104.4,2026-09-01,6,1969.0,105.0,eastbound
Re 104.4,2026-09-01,7,3719.0,106.0,eastbound
Re 104.4,2026-09-01,8,3795.0,106.0,eastbound
Re 104.4,2026-09-01,9,2813.0,104.0,eastbound
Re 104.4,2026-09-01,10,2553.0,103.0,eastbound
Re 104.4,2026-09-01,11,2638.0,102.0,eastbound
Re 104.4,2026-09-01,12,3080.0,103.0,eastbound
Re 104.4,2026-09-01,13,3152.0,103.0,eastbound
Re 104.4,2026-09-01,14,3517.0,104.0,eastbound
Re 104.4,2026-09-01,15,4402.0,105.0,eastbound
Re 104.4,2026-09-01,16,5892.0,106.0,eastbound
Re 104.4,2026-09-01,17,5586.0,106.0,eastbound
Re 104.4,2026-09-01,18,3084.0,108.0,eastbound
Re 104.4,2026-09-01,19,2083.0,109.0,eastbound
Re 104.4,2026-09-01,20,1558.0,110.0,eastbound
Re 104.4,2026-09-01,21,1365.0,109.0,eastbound
Re 104.4,2026-09-01,22,1117.0,111.0,eastbound
Re 104.4,2026-09-01,23,601.0,110.0,eastbound
Re 104.4,2026-09-08,0,374.0,105.0,eastbound
Re 104.4,2026-09-08,1,276.0,101.0,eastbound
Re 104.4,2026-09-08,2,190.0,96.0,eastbound
Re 104.4,2026-09-08,3,176.0,98.0,eastbound
Re 104.4,2026-09-08,4,260.0,98.0,eastbound
Re 104.4,2026-09-08,5,606.0,103.0,eastbound
Re 104.4,2026-09-08,6,1989.0,104.0,eastbound
Re 104.4,2026-09-08,7,3615.0,105.0,eastbound
Re 104.4,2026-09-08,8,3730.0,106.0,eastbound
Re 104.4,2026-09-08,9,2630.0,103.0,eastbound
Re 104.4,2026-09-08,10,2573.0,102.0,eastbound
Re 104.4,2026-09-08,11,2686.0,101.0,eastbound
Re 104.4,2026-09-08,12,3077.0,102.0,eastbound
Re 104.4,2026-09-08,13,3344.0,103.0,eastbound
Re 104.4,2026-09-08,14,3628.0,104.0,eastbound
Re 104.4,2026-09-08,15,4444.0,106.0,eastbound
Re 104.4,2026-09-08,16,5757.0,106.0,eastbound
Re 104.4,2026-09-08,17,5249.5,104.0,eastbound
Re 104.4,2026-09-08,18,2993.0,102.0,eastbound
Re 104.4,2026-09-08,19,2326.0,108.0,eastbound
Re 104.4,2026-09-08,20,1842.0,105.0,eastbound
Re 104.4,2026-09-08,21,1284.0,108.0,eastbound
Re 104.4,2026-09-08,22,1029.0,110.0,eastbound
Re 104.4,2026-09-08,23,691.0,109.0,eastbound
Re 104.4,2026-09-15,0,314.0,105.0,eastbound
Re 104.4,2026-09-15,1,249.0,101.0,eastbound
Re 104.4,2026-09-15,2,190.0,99.0,eastbound
Re 104.4,2026-09-15,3,183.0,99.0,eastbound
Re 104.4,2026-09-15,4,265.0,102.0,eastbound
Re 104.4,2026-09-15,5,606.0,103.0,eastbound
Re 104.4,2026-09-15,6,1993.2,104.0,eastbound
Re 104.4,2026-09-15,7,3690.0,105.0,eastbound
Re 104.4,2026-09-15,8,3758.0,106.0,eastbound
Re 104.4,2026-09-15,9,2951.0,103.0,eastbound
Re 104.4,2026-09-15,10,2860.0,102.0,eastbound
Re 104.4,2026-09-15,11,2721.0,102.0,eastbound
Re 104.4,2026-09-15,12,3130.0,102.0,eastbound
Re 104.4,2026-09-15,13,3359.0,103.0,eastbound
Re 104.4,2026-09-15,14,3736.0,104.0,eastbound
Re 104.4,2026-09-15,15,4665.0,105.0,eastbound
Re 104.4,2026-09-15,16,5843.0,106.0,eastbound
Re 104.4,2026-09-15,17,5590.0,106.0,eastbound
Re 104.4,2026-09-15,18,3673.0,108.0,eastbound
Re 104.4,2026-09-15,19,2258.0,110.0,eastbound
Re 104.4,2026-09-15,20,1577.0,109.0,eastbound
Re 104.4,2026-09-15,21,1178.0,109.0,eastbound
Re 104.4,2026-09-15,22,1140.0,109.0,eastbound
Re 104.4,2026-09-15,23,785.0,111.0,eastbound
Re 104.4,2026-09-22,0,350.0,104.0,eastbound
Re 104.4,2026-09-22,1,217.0,100.0,eastbound
Re 104.4,2026-09-22,2,172.0,98.0,eastbound
Re 104.4,2026-09-22,3,183.0,98.0,eastbound
Re 104.4,2026-09-22,4,249.0,100.0,eastbound
Re 104.4,2026-09-22,5,598.0,103.0,eastbound
Re 104.4,2026-09-22,6,1992.0,104.0,eastbound
Re 104.4,2026-09-22,7,3733.0,105.0,eastbound
Re 104.4,2026-09-22,8,3890.0,106.0,eastbound
Re 104.4,2026-09-22,9,2759.0,104.0,eastbound
Re 104.4,2026-09-22,10,2561.0,102.0,eastbound
Re 104.4,2026-09-22,11,2628.0,100.0,eastbound
Re 104.4,2026-09-22,12,3054.0,101.0,eastbound
Re 104.4,2026-09-22,13,3133.2,100.99999999999999,eastbound
Re 104.4,2026-09-22,14,3585.0,102.0,eastbound
Re 104.4,2026-09-22,15,4429.0,104.0,eastbound
Re 104.4,2026-09-22,16,6063.0,105.0,eastbound
Re 104.4,2026-09-22,17,5890.0,106.0,eastbound
Re 104.4,2026-09-22,18,3224.0,108.0,eastbound
Re 104.4,2026-09-22,19,2193.0,109.0,eastbound
Re 104.4,2026-09-22,20,1572.0,109.0,eastbound
Re 104.4,2026-09-22,21,1328.0,110.0,eastbound
Re 104.4,2026-09-22,22,1084.0,111.0,eastbound
Re 104.4,2026-09-22,23,652.0,110.0,eastbound
Re 104.4,2026-09-29,0,351.0,104.0,eastbound
Re 104.4,2026-09-29,1,221.0,98.0,eastbound
Re 104.4,2026-09-29,2,173.0,95.0,eastbound
Re 104.4,2026-09-29,3,171.0,95.0,eastbound
Re 104.4,2026-09-29,4,304.0,98.0,eastbound
Re 104.4,2026-09-29,5,638.0,101.0,eastbound
Re 104.4,2026-09-29,6,1989.0,103.0,eastbound
Re 104.4,2026-09-29,7,3814.0,104.0,eastbound
Re 104.4,2026-09-29,8,3872.0,106.0,eastbound
Re 104.4,2026-09-29,9,2781.0,104.0,eastbound
Re 104.4,2026-09-29,10,2658.0,102.0,eastbound
Re 104.4,2026-09-29,11,2751.0,101.0,eastbound
Re 104.4,2026-09-29,12,3111.9,102.0,eastbound
Re 104.4,2026-09-29,13,3430.2,103.0,eastbound
Re 104.4,2026-09-29,14,3510.0,103.0,eastbound
Re 104.4,2026-09-29,15,4767.0,104.0,eastbound
Re 104.4,2026-09-29,16,5505.0,46.0,eastbound
Re 104.4,2026-09-29,17,5863.0,87.0,eastbound
Re 104.4,2026-09-29,18,3189.0,109.0,eastbound
Re 104.4,2026-09-29,19,2602.0,108.0,eastbound
Re 104.4,2026-09-29,20,1703.0,109.0,eastbound
Re 104.4,2026-09-29,21,1318.0,110.0,eastbound
Re 104.4,2026-09-29,22,1142.0,111.0,eastbound
Re 104.4,2026-09-29,23,756.0,110.0,eastbound
Re 104.4,2026-10-06,0,359.0,106.0,eastbound
Re 104.4,2026-10-06,1,228.0,99.0,eastbound
Re 104.4,2026-10-06,2,200.0,99.0,eastbound
Re 104.4,2026-10-06,3,196.0,96.0,eastbound
Re 104.4,2026-10-06,4,259.0,96.0,eastbound
Re 104.4,2026-10-06,5,628.0,100.0,eastbound
Re 104.4,2026-10-06,6,2139.0,103.0,eastbound
Re 104.4,2026-10-06,7,3712.0,105.0,eastbound
Re 104.4,2026-10-06,8,3829.0,106.0,eastbound
Re 104.4,2026-10-06,9,2697.0,104.0,eastbound
Re 104.4,2026-10-06,10,2728.0,102.0,eastbound
Re 104.4,2026-10-06,11,2600.0,101.0,eastbound
Re 104.4,2026-10-06,12,2895.0,101.0,eastbound
Re 104.4,2026-10-06,13,3336.0,103.0,eastbound
Re 104.4,2026-10-06,14,3594.0,103.0,eastbound
Re 104.4,2026-10-06,15,4563.0,104.0,eastbound
Re 104.4,2026-10-06,16,6117.0,105.0,eastbound
Re 104.4,2026-10-06,17,5829.0,106.0,eastbound
Re 104.4,2026-10-06,18,3413.0,108.0,eastbound
Re 104.4,2026-10-06,19,2271.0,108.0,eastbound
Re 104.4,2026-10-06,20,1698.0,109.0,eastbound
Re 104.4,2026-10-06,21,1191.0,110.0,eastbound
Re 104.4,2026-10-06,22,1222.0,112.0,eastbound
Re 104.4,2026-10-06,23,671.0,110.0,eastbound
Re 107.7,2026-08-25,0,249.0,111.0,eastbound
Re 107.7,2026-08-25,1,199.0,100.0,eastbound
Re 107.7,2026-08-25,2,139.0,98.0,eastbound
Re 107.7,2026-08-25,3,142.0,96.0,eastbound
Re 107.7,2026-08-25,4,212.0,99.0,eastbound
Re 107.7,2026-08-25,5,467.0,103.0,eastbound
Re 107.7,2026-08-25,6,1515.0,105.0,eastbound
Re 107.7,2026-08-25,7,2523.0,105.0,eastbound
Re 107.7,2026-08-25,8,2416.3,106.0,eastbound
Re 107.7,2026-08-25,9,2224.0,102.0,eastbound
Re 107.7,2026-08-25,10,2235.0,102.0,eastbound
Re 107.7,2026-08-25,11,2187.0,99.0,eastbound
Re 107.7,2026-08-25,12,2341.0,100.0,eastbound
Re 107.7,2026-08-25,13,2470.0,101.0,eastbound
Re 107.7,2026-08-25,14,2804.7,100.99999999999999,eastbound
Re 107.7,2026-08-25,15,3432.0,102.0,eastbound
Re 107.7,2026-08-25,16,4454.0,103.0,eastbound
Re 107.7,2026-08-25,17,4210.0,103.0,eastbound
Re 107.7,2026-08-25,18,2440.0,106.0,eastbound
Re 107.7,2026-08-25,19,1602.0,112.0,eastbound
Re 107.7,2026-08-25,20,1153.0,118.0,eastbound
Re 107.7,2026-08-25,21,944.0,116.0,eastbound
Re 107.7,2026-08-25,22,784.0,118.0,eastbound
Re 107.7,2026-08-25,23,504.0,116.0,eastbound
Re 107.7,2026-09-01,0,260.0,105.0,eastbound
Re 107.7,2026-09-01,1,163.0,103.0,eastbound
Re 107.7,2026-09-01,2,141.0,96.0,eastbound
Re 107.7,2026-09-01,3,163.0,96.0,eastbound
Re 107.7,2026-09-01,4,170.0,98.0,eastbound
Re 107.7,2026-09-01,5,514.0,104.0,eastbound
Re 107.7,2026-09-01,6,1580.0,107.0,eastbound
Re 107.7,2026-09-01,7,2836.0,104.0,eastbound
Re 107.7,2026-09-01,8,2503.0,106.0,eastbound
Re 107.7,2026-09-01,9,1986.0,105.0,eastbound
Re 107.7,2026-09-01,10,1964.0,104.0,eastbound
Re 107.7,2026-09-01,11,2049.0,102.0,eastbound
Re 107.7,2026-09-01,12,2321.0,103.0,eastbound
Re 107.7,2026-09-01,13,2366.0,102.0,eastbound
Re 107.7,2026-09-01,14,2735.0,103.0,eastbound
Re 107.7,2026-09-01,15,3477.0,104.0,eastbound
Re 107.7,2026-09-01,16,4686.0,103.0,eastbound
Re 107.7,2026-09-01,17,4285.0,105.0,eastbound
Re 107.7,2026-09-01,18,2228.0,103.0,eastbound
Re 107.7,2026-09-01,19,1538.0,107.0,eastbound
Re 107.7,2026-09-01,20,1154.2,116.0,eastbound
Re 107.7,2026-09-01,21,1046.0,118.0,eastbound
Re 107.7,2026-09-01,22,756.0,120.0,eastbound
Re 107.7,2026-09-01,23,477.0,117.0,eastbound
Re 107.7,2026-09-08,0,276.0,106.0,eastbound
Re 107.7,2026-09-08,1,216.0,102.0,eastbound
Re 107.7,2026-09-08,2,156.0,95.0,eastbound
Re 107.7,2026-09-08,3,164.0,95.0,eastbound
Re 107.7,2026-09-08,4,207.0,95.0,eastbound
Re 107.7,2026-09-08,5,511.0,102.0,eastbound
Re 107.7,2026-09-08,6,1651.0,105.0,eastbound
Re 107.7,2026-09-08,7,2730.0,105.0,eastbound
Re 107.7,2026-09-08,8,2451.0,106.0,eastbound
Re 107.7,2026-09-08,9,1901.0,104.0,eastbound
Re 107.7,2026-09-08,10,2026.0,103.0,eastbound
Re 107.7,2026-09-08,11,2159.0,101.0,eastbound
Re 107.7,2026-09-08,12,2410.0,102.0,eastbound
Re 107.7,2026-09-08,13,2577.0,101.0,eastbound
Re 107.7,2026-09-08,14,2765.0,102.0,eastbound
Re 107.7,2026-09-08,15,3510.0,103.0,eastbound
Re 107.7,2026-09-08,16,4612.0,103.0,eastbound
Re 107.7,2026-09-08,17,4050.5,104.0,eastbound
Re 107.7,2026-09-08,18,2188.0,109.0,eastbound
Re 107.7,2026-09-08,19,1705.0,111.0,eastbound
Re 107.7,2026-09-08,20,1410.0,110.0,eastbound
Re 107.7,2026-09-08,21,1037.0,115.0,eastbound
Re 107.7,2026-09-08,22,747.0,117.0,eastbound
Re 107.7,2026-09-08,23,479.0,114.0,eastbound
Re 107.7,2026-09-15,0,258.0,107.0,eastbound
Re 107.7,2026-09-15,1,179.0,101.0,eastbound
Re 107.7,2026-09-15,2,155.0,97.0,eastbound
Re 107.7,2026-09-15,3,153.0,99.0,eastbound
Re 107.7,2026-09-15,4,216.0,101.0,eastbound
Re 107.7,2026-09-15,5,507.0,103.0,eastbound
Re 107.7,2026-09-15,6,1602.7,108.0,eastbound
Re 107.7,2026-09-15,7,2825.0,105.0,eastbound
Re 107.7,2026-09-15,8,2485.0,107.0,eastbound
Re 107.7,2026-09-15,9,2144.0,104.0,eastbound
Re 107.7,2026-09-15,10,2197.0,103.0,eastbound
Re 107.7,2026-09-15,11,2159.0,102.0,eastbound
Re 107.7,2026-09-15,12,2387.0,102.0,eastbound
Re 107.7,2026-09-15,13,2527.0,102.0,eastbound
Re 107.7,2026-09-15,14,2948.0,102.0,eastbound
Re 107.7,2026-09-15,15,3665.0,102.0,eastbound
Re 107.7,2026-09-15,16,4678.0,103.0,eastbound
Re 107.7,2026-09-15,17,4357.0,105.0,eastbound
Re 107.7,2026-09-15,18,2598.0,107.0,eastbound
Re 107.7,2026-09-15,19,1727.0,112.0,eastbound
Re 107.7,2026-09-15,20,1188.0,115.0,eastbound
Re 107.7,2026-09-15,21,888.0,118.0,eastbound
Re 107.7,2026-09-15,22,788.0,117.0,eastbound
Re 107.7,2026-09-15,23,588.0,120.0,eastbound
Re 107.7,2026-09-22,0,248.0,104.0,eastbound
Re 107.7,2026-09-22,1,178.0,101.0,eastbound
Re 107.7,2026-09-22,2,144.0,95.0,eastbound
Re 107.7,2026-09-22,3,152.0,98.0,eastbound
Re 107.7,2026-09-22,4,212.0,97.0,eastbound
Re 107.7,2026-09-22,5,483.0,103.0,eastbound
Re 107.7,2026-09-22,6,1646.0,106.0,eastbound
Re 107.7,2026-09-22,7,2872.0,104.0,eastbound
Re 107.7,2026-09-22,8,2578.0,106.0,eastbound
Re 107.7,2026-09-22,9,2021.0,104.0,eastbound
Re 107.7,2026-09-22,10,1934.0,102.0,eastbound
Re 107.7,2026-09-22,11,2011.0,101.0,eastbound
Re 107.7,2026-09-22,12,2348.0,101.0,eastbound
Re 107.7,2026-09-22,13,2388.8,102.0,eastbound
Re 107.7,2026-09-22,14,2817.0,101.0,eastbound
Re 107.7,2026-09-22,15,3462.0,102.0,eastbound
Re 107.7,2026-09-22,16,4695.0,103.0,eastbound
Re 107.7,2026-09-22,17,4471.0,103.0,eastbound
Re 107.7,2026-09-22,18,2246.0,108.0,eastbound
Re 107.7,2026-09-22,19,1648.0,113.0,eastbound
Re 107.7,2026-09-22,20,1174.0,115.0,eastbound
Re 107.7,2026-09-22,21,1040.0,117.0,eastbound
Re 107.7,2026-09-22,22,782.0,118.0,eastbound
Re 107.7,2026-09-22,23,508.0,115.0,eastbound
Re 107.7,2026-09-29,0,264.0,106.0,eastbound
Re 107.7,2026-09-29,1,178.0,100.0,eastbound
Re 107.7,2026-09-29,2,147.0,96.0,eastbound
Re 107.7,2026-09-29,3,147.0,96.0,eastbound
Re 107.7,2026-09-29,4,258.0,101.0,eastbound
Re 107.7,2026-09-29,5,513.0,101.0,eastbound
Re 107.7,2026-09-29,6,1600.0,105.0,eastbound
Re 107.7,2026-09-29,7,2885.0,104.0,eastbound
Re 107.7,2026-09-29,8,2529.0,106.0,eastbound
Re 107.7,2026-09-29,9,2000.0,105.0,eastbound
Re 107.7,2026-09-29,10,1986.0,102.0,eastbound
Re 107.7,2026-09-29,11,2120.0,101.0,eastbound
Re 107.7,2026-09-29,12,2403.1,102.0,eastbound
Re 107.7,2026-09-29,13,2622.7,102.0,eastbound
Re 107.7,2026-09-29,14,2700.0,102.0,eastbound
Re 107.7,2026-09-29,15,3804.0,101.0,eastbound
Re 107.7,2026-09-29,16,4301.0,44.0,eastbound
Re 107.7,2026-09-29,17,4628.0,101.0,eastbound
Re 107.7,2026-09-29,18,2243.0,109.0,eastbound
Re 107.7,2026-09-29,19,1919.0,111.0,eastbound
Re 107.7,2026-09-29,20,1270.0,115.0,eastbound
Re 107.7,2026-09-29,21,1008.0,119.0,eastbound
Re 107.7,2026-09-29,22,767.0,119.0,eastbound
Re 107.7,2026-09-29,23,541.0,118.0,eastbound
Re 107.7,2026-10-06,0,252.0,106.0,eastbound
Re 107.7,2026-10-06,1,173.0,99.0,eastbound
Re 107.7,2026-10-06,2,160.0,97.0,eastbound
Re 107.7,2026-10-06,3,170.0,94.0,eastbound
Re 107.7,2026-10-06,4,211.0,94.0,eastbound
Re 107.7,2026-10-06,5,502.0,103.0,eastbound
Re 107.7,2026-10-06,6,1674.0,105.0,eastbound
Re 107.7,2026-10-06,7,2792.0,106.0,eastbound
Re 107.7,2026-10-06,8,2511.0,107.0,eastbound
Re 107.7,2026-10-06,9,1880.0,105.0,eastbound
Re 107.7,2026-10-06,10,2077.0,102.0,eastbound
Re 107.7,2026-10-06,11,2038.0,101.0,eastbound
Re 107.7,2026-10-06,12,2166.0,103.0,eastbound
Re 107.7,2026-10-06,13,2474.0,102.0,eastbound
Re 107.7,2026-10-06,14,2695.0,102.0,eastbound
Re 107.7,2026-10-06,15,3641.0,102.0,eastbound
Re 107.7,2026-10-06,16,4868.0,102.0,eastbound
Re 107.7,2026-10-06,17,4447.0,104.0,eastbound
Re 107.7,2026-10-06,18,2437.0,108.0,eastbound
Re 107.7,2026-10-06,19,1696.0,112.0,eastbound
Re 107.7,2026-10-06,20,1255.0,115.0,eastbound
Re 107.7,2026-10-06,21,881.0,118.0,eastbound
Re 107.7,2026-10-06,22,868.0,120.0,eastbound
Re 107.7,2026-10-06,23,499.0,117.0,eastbound
Li 107.6,2026-08-25,0,200.0,107.0,westbound
Li 107.6,2026-08-25,1,175.0,101.0,westbound
Li 107.6,2026-08-25,2,161.0,101.0,westbound
Li 107.6,2026-08-25,3,282.0,101.0,westbound
Li 107.6,2026-08-25,4,402.0,101.0,westbound
Li 107.6,2026-08-25,5,1610.0,111.0,westbound
Li 107.6,2026-08-25,6,3328.0,105.0,westbound
Li 107.6,2026-08-25,7,3961.0,105.0,westbound
Li 107.6,2026-08-25,8,3827.8,104.0,westbound
Li 107.6,2026-08-25,9,2628.0,103.0,westbound
Li 107.6,2026-08-25,10,2272.0,102.0,westbound
Li 107.6,2026-08-25,11,2289.0,102.0,westbound
Li 107.6,2026-08-25,12,2304.0,104.0,westbound
Li 107.6,2026-08-25,13,2339.0,104.0,westbound
Li 107.6,2026-08-25,14,2468.1,103.0,westbound
Li 107.6,2026-08-25,15,2573.0,104.0,westbound
Li 107.6,2026-08-25,16,2720.0,105.0,westbound
Li 107.6,2026-08-25,17,2850.0,107.0,westbound
Li 107.6,2026-08-25,18,1755.0,109.0,westbound
Li 107.6,2026-08-25,19,1290.0,116.0,westbound
Li 107.6,2026-08-25,20,1029.0,119.0,westbound
Li 107.6,2026-08-25,21,841.0,117.0,westbound
Li 107.6,2026-08-25,22,640.0,118.0,westbound
Li 107.6,2026-08-25,23,378.0,114.0,westbound
Li 107.6,2026-09-01,0,195.0,102.0,westbound
Li 107.6,2026-09-01,1,164.0,103.0,westbound
Li 107.6,2026-09-01,2,191.0,103.0,westbound
Li 107.6,2026-09-01,3,264.0,102.0,westbound
Li 107.6,2026-09-01,4,492.0,100.0,westbound
Li 107.6,2026-09-01,5,1643.0,109.0,westbound
Li 107.6,2026-09-01,6,3419.0,104.0,westbound
Li 107.6,2026-09-01,7,4380.0,102.0,westbound
Li 107.6,2026-09-01,8,4233.0,104.0,westbound
Li 107.6,2026-09-01,9,2635.0,103.0,westbound
Li 107.6,2026-09-01,10,2141.0,102.0,westbound
Li 107.6,2026-09-01,11,2308.0,101.0,westbound
Li 107.6,2026-09-01,12,2421.0,102.0,westbound
Li 107.6,2026-09-01,13,2299.0,103.0,westbound
Li 107.6,2026-09-01,14,2375.0,103.0,westbound
Li 107.6,2026-09-01,15,2481.0,103.0,westbound
Li 107.6,2026-09-01,16,2695.0,105.0,westbound
Li 107.6,2026-09-01,17,2944.0,106.0,westbound
Li 107.6,2026-09-01,18,1663.0,109.0,westbound
Li 107.6,2026-09-01,19,1168.0,115.0,westbound
Li 107.6,2026-09-01,20,952.9,117.0,westbound
Li 107.6,2026-09-01,21,809.0,117.0,westbound
Li 107.6,2026-09-01,22,558.0,119.0,westbound
Li 107.6,2026-09-01,23,312.0,114.0,westbound
Li 107.6,2026-09-08,0,181.0,109.0,westbound
Li 107.6,2026-09-08,1,163.0,105.0,westbound
Li 107.6,2026-09-08,2,138.0,99.0,westbound
Li 107.6,2026-09-08,3,285.0,103.0,westbound
Li 107.6,2026-09-08,4,441.0,100.0,westbound
Li 107.6,2026-09-08,5,1612.0,110.0,westbound
Li 107.6,2026-09-08,6,3404.0,104.0,westbound
Li 107.6,2026-09-08,7,4352.0,103.0,westbound
Li 107.6,2026-09-08,8,4254.0,102.0,westbound
Li 107.6,2026-09-08,9,2540.0,104.0,westbound
Li 107.6,2026-09-08,10,2140.0,102.0,westbound
Li 107.6,2026-09-08,11,2216.0,101.0,westbound
Li 107.6,2026-09-08,12,2365.0,102.0,westbound
Li 107.6,2026-09-08,13,2327.0,103.0,westbound
Li 107.6,2026-09-08,14,2255.0,103.0,westbound
Li 107.6,2026-09-08,15,2471.0,104.0,westbound
Li 107.6,2026-09-08,16,2703.0,105.0,westbound
Li 107.6,2026-09-08,17,2682.7,107.0,westbound
Li 107.6,2026-09-08,18,1660.0,108.0,westbound
Li 107.6,2026-09-08,19,1162.0,115.0,westbound
Li 107.6,2026-09-08,20,901.0,114.0,westbound
Li 107.6,2026-09-08,21,720.0,114.0,westbound
Li 107.6,2026-09-08,22,567.0,114.0,westbound
Li 107.6,2026-09-08,23,301.0,111.0,westbound
Li 107.6,2026-09-15,0,190.0,109.0,westbound
Li 107.6,2026-09-15,1,142.0,100.0,westbound
Li 107.6,2026-09-15,2,164.0,99.0,westbound
Li 107.6,2026-09-15,3,217.0,101.0,westbound
Li 107.6,2026-09-15,4,467.0,101.0,westbound
Li 107.6,2026-09-15,5,1588.0,110.0,westbound
Li 107.6,2026-09-15,6,3355.9,104.00000000000001,westbound
Li 107.6,2026-09-15,7,4549.0,101.0,westbound
Li 107.6,2026-09-15,8,4366.0,102.0,westbound
Li 107.6,2026-09-15,9,2754.0,103.0,westbound
Li 107.6,2026-09-15,10,2311.0,102.0,westbound
Li 107.6,2026-09-15,11,2334.0,102.0,westbound
Li 107.6,2026-09-15,12,2379.0,102.0,westbound
Li 107.6,2026-09-15,13,2336.0,104.0,westbound
Li 107.6,2026-09-15,14,2334.0,103.0,westbound
Li 107.6,2026-09-15,15,2658.0,104.0,westbound
Li 107.6,2026-09-15,16,2870.0,104.0,westbound
Li 107.6,2026-09-15,17,2864.0,107.0,westbound
Li 107.6,2026-09-15,18,1797.0,109.0,westbound
Li 107.6,2026-09-15,19,1269.0,117.0,westbound
Li 107.6,2026-09-15,20,912.0,116.0,westbound
Li 107.6,2026-09-15,21,778.0,117.0,westbound
Li 107.6,2026-09-15,22,557.0,118.0,westbound
Li 107.6,2026-09-15,23,304.0,112.0,westbound
Li 107.6,2026-09-22,0,184.0,107.0,westbound
Li 107.6,2026-09-22,1,148.0,104.0,westbound
Li 107.6,2026-09-22,2,148.0,98.0,westbound
Li 107.6,2026-09-22,3,226.0,100.0,westbound
Li 107.6,2026-09-22,4,424.0,102.0,westbound
Li 107.6,2026-09-22,5,1657.0,108.0,westbound
Li 107.6,2026-09-22,6,3363.0,104.0,westbound
Li 107.6,2026-09-22,7,4550.0,102.0,westbound
Li 107.6,2026-09-22,8,4368.0,102.0,westbound
Li 107.6,2026-09-22,9,2676.0,103.0,westbound
Li 107.6,2026-09-22,10,2181.0,102.0,westbound
Li 107.6,2026-09-22,11,2152.0,103.0,westbound
Li 107.6,2026-09-22,12,2330.0,103.0,westbound
Li 107.6,2026-09-22,13,2292.2,103.0,westbound
Li 107.6,2026-09-22,14,2284.0,102.0,westbound
Li 107.6,2026-09-22,15,2600.0,103.0,westbound
Li 107.6,2026-09-22,16,2790.0,105.0,westbound
Li 107.6,2026-09-22,17,2896.0,106.0,westbound
Li 107.6,2026-09-22,18,1687.0,109.0,westbound
Li 107.6,2026-09-22,19,1119.0,118.0,westbound
Li 107.6,2026-09-22,20,871.0,118.0,westbound
Li 107.6,2026-09-22,21,797.0,119.0,westbound
Li 107.6,2026-09-22,22,594.0,117.0,westbound
Li 107.6,2026-09-22,23,341.0,110.0,westbound
Li 107.6,2026-09-29,0,173.0,109.0,westbound
Li 107.6,2026-09-29,1,156.0,107.0,westbound
Li 107.6,2026-09-29,2,175.0,101.0,westbound
Li 107.6,2026-09-29,3,221.0,96.0,westbound
Li 107.6,2026-09-29,4,469.0,103.0,westbound
Li 107.6,2026-09-29,5,1669.0,109.0,westbound
Li 107.6,2026-09-29,6,3534.0,103.0,westbound
Li 107.6,2026-09-29,7,4549.0,103.0,westbound
Li 107.6,2026-09-29,8,4421.0,102.0,westbound
Li 107.6,2026-09-29,9,2836.0,102.0,westbound
Li 107.6,2026-09-29,10,2314.0,102.0,westbound
Li 107.6,2026-09-29,11,2359.0,102.0,westbound
Li 107.6,2026-09-29,12,2490.5,102.0,westbound
Li 107.6,2026-09-29,13,2270.8,103.0,westbound
Li 107.6,2026-09-29,14,2366.0,103.0,westbound
Li 107.6,2026-09-29,15,2596.0,104.0,westbound
Li 107.6,2026-09-29,16,2771.0,106.0,westbound
Li 107.6,2026-09-29,17,2796.0,107.0,westbound
Li 107.6,2026-09-29,18,1856.0,109.0,westbound
Li 107.6,2026-09-29,19,1124.0,116.0,westbound
Li 107.6,2026-09-29,20,931.0,118.0,westbound
Li 107.6,2026-09-29,21,667.0,117.0,westbound
Li 107.6,2026-09-29,22,563.0,118.0,westbound
Li 107.6,2026-09-29,23,253.0,115.0,westbound
Li 107.6,2026-10-06,0,178.0,105.0,westbound
Li 107.6,2026-10-06,1,152.0,100.0,westbound
Li 107.6,2026-10-06,2,159.0,96.0,westbound
Li 107.6,2026-10-06,3,198.0,97.0,westbound
Li 107.6,2026-10-06,4,452.0,100.0,westbound
Li 107.6,2026-10-06,5,1769.0,109.0,westbound
Li 107.6,2026-10-06,6,3555.0,103.0,westbound
Li 107.6,2026-10-06,7,4653.0,101.0,westbound
Li 107.6,2026-10-06,8,4462.0,102.0,westbound
Li 107.6,2026-10-06,9,2899.0,101.0,westbound
Li 107.6,2026-10-06,10,2187.0,102.0,westbound
Li 107.6,2026-10-06,11,2156.0,102.0,westbound
Li 107.6,2026-10-06,12,2311.0,103.0,westbound
Li 107.6,2026-10-06,13,2228.0,103.0,westbound
Li 107.6,2026-10-06,14,2315.0,103.0,westbound
Li 107.6,2026-10-06,15,2518.0,104.0,westbound
Li 107.6,2026-10-06,16,2826.0,105.0,westbound
Li 107.6,2026-10-06,17,2878.0,107.0,westbound
Li 107.6,2026-10-06,18,1678.0,108.0,westbound
Li 107.6,2026-10-06,19,1060.0,106.0,westbound
Li 107.6,2026-10-06,20,847.0,105.0,westbound
Li 107.6,2026-10-06,21,708.0,118.0,westbound
Li 107.6,2026-10-06,22,541.0,116.0,westbound
Li 107.6,2026-10-06,23,295.0,112.0,westbound
Li 98.7,2026-08-25,0,243.0,102.0,westbound
Li 98.7,2026-08-25,1,219.0,98.0,westbound
Li 98.7,2026-08-25,2,181.0,98.0,westbound
Li 98.7,2026-08-25,3,315.0,99.0,westbound
Li 98.7,2026-08-25,4,495.0,100.0,westbound
Li 98.7,2026-08-25,5,2088.0,104.0,westbound
Li 98.7,2026-08-25,6,4362.0,100.0,westbound
Li 98.7,2026-08-25,7,5125.0,99.0,westbound
Li 98.7,2026-08-25,8,4645.4,99.0,westbound
Li 98.7,2026-08-25,9,3392.0,98.0,westbound
Li 98.7,2026-08-25,10,2963.0,97.0,westbound
Li 98.7,2026-08-25,11,3000.0,98.0,westbound
Li 98.7,2026-08-25,12,3110.0,98.0,westbound
Li 98.7,2026-08-25,13,3079.0,98.0,westbound
Li 98.7,2026-08-25,14,3211.5,99.0,westbound
Li 98.7,2026-08-25,15,3640.0,99.0,westbound
Li 98.7,2026-08-25,16,3910.0,100.0,westbound
Li 98.7,2026-08-25,17,3734.0,102.0,westbound
Li 98.7,2026-08-25,18,2211.0,104.0,westbound
Li 98.7,2026-08-25,19,1677.0,106.0,westbound
Li 98.7,2026-08-25,20,1325.0,108.0,westbound
Li 98.7,2026-08-25,21,1127.0,106.0,westbound
Li 98.7,2026-08-25,22,815.0,107.0,westbound
Li 98.7,2026-08-25,23,482.0,105.0,westbound
Li 98.7,2026-09-01,0,254.0,93.0,westbound
Li 98.7,2026-09-01,1,204.0,97.0,westbound
Li 98.7,2026-09-01,2,221.0,96.0,westbound
Li 98.7,2026-09-01,3,299.0,99.0,westbound
Li 98.7,2026-09-01,4,568.0,99.0,westbound
Li 98.7,2026-09-01,5,2125.0,104.0,westbound
Li 98.7,2026-09-01,6,4604.0,99.0,westbound
Li 98.7,2026-09-01,7,5888.0,97.0,westbound
Li 98.7,2026-09-01,8,5169.0,98.0,westbound
Li 98.7,2026-09-01,9,3502.0,97.0,westbound
Li 98.7,2026-09-01,10,2818.0,98.0,westbound
Li 98.7,2026-09-01,11,2998.0,97.0,westbound
Li 98.7,2026-09-01,12,3137.0,97.0,westbound
Li 98.7,2026-09-01,13,2975.0,98.0,westbound
Li 98.7,2026-09-01,14,3238.0,97.0,westbound
Li 98.7,2026-09-01,15,3565.0,98.0,westbound
Li 98.7,2026-09-01,16,3942.0,99.0,westbound
Li 98.7,2026-09-01,17,4083.0,100.0,westbound
Li 98.7,2026-09-01,18,2183.0,103.0,westbound
Li 98.7,2026-09-01,19,1591.0,106.0,westbound
Li 98.7,2026-09-01,20,1177.6,106.0,westbound
Li 98.7,2026-09-01,21,1047.0,105.0,westbound
Li 98.7,2026-09-01,22,736.0,108.0,westbound
Li 98.7,2026-09-01,23,420.0,103.0,westbound
Li 98.7,2026-09-08,0,227.0,99.0,westbound
Li 98.7,2026-09-08,1,197.0,98.0,westbound
Li 98.7,2026-09-08,2,178.0,98.0,westbound
Li 98.7,2026-09-08,3,329.0,96.0,westbound
Li 98.7,2026-09-08,4,564.0,99.0,westbound
Li 98.7,2026-09-08,5,2117.0,104.0,westbound
Li 98.7,2026-09-08,6,4536.0,99.0,westbound
Li 98.7,2026-09-08,7,5768.0,97.0,westbound
Li 98.7,2026-09-08,8,5005.0,98.0,westbound
Li 98.7,2026-09-08,9,3227.0,99.0,westbound
Li 98.7,2026-09-08,10,2804.0,98.0,westbound
Li 98.7,2026-09-08,11,2835.0,97.0,westbound
Li 98.7,2026-09-08,12,3137.0,98.0,westbound
Li 98.7,2026-09-08,13,3044.0,98.0,westbound
Li 98.7,2026-09-08,14,3026.0,98.0,westbound
Li 98.7,2026-09-08,15,3411.0,99.0,westbound
Li 98.7,2026-09-08,16,3987.0,99.0,westbound
Li 98.7,2026-09-08,17,3818.6,101.0,westbound
Li 98.7,2026-09-08,18,2116.0,102.0,westbound
Li 98.7,2026-09-08,19,1540.0,97.0,westbound
Li 98.7,2026-09-08,20,1136.0,97.0,westbound
Li 98.7,2026-09-08,21,1044.0,97.0,westbound
Li 98.7,2026-09-08,22,747.0,96.0,westbound
Li 98.7,2026-09-08,23,421.0,102.0,westbound
Li 98.7,2026-09-15,0,244.0,101.0,westbound
Li 98.7,2026-09-15,1,176.0,97.0,westbound
Li 98.7,2026-09-15,2,193.0,97.0,westbound
Li 98.7,2026-09-15,3,259.0,99.0,westbound
Li 98.7,2026-09-15,4,575.0,100.0,westbound
Li 98.7,2026-09-15,5,2085.0,105.0,westbound
Li 98.7,2026-09-15,6,4549.8,99.0,westbound
Li 98.7,2026-09-15,7,6089.0,95.0,westbound
Li 98.7,2026-09-15,8,5482.0,94.0,westbound
Li 98.7,2026-09-15,9,3650.0,97.0,westbound
Li 98.7,2026-09-15,10,2987.0,97.0,westbound
Li 98.7,2026-09-15,11,3029.0,97.0,westbound
Li 98.7,2026-09-15,12,3142.0,97.0,westbound
Li 98.7,2026-09-15,13,2991.0,98.0,westbound
Li 98.7,2026-09-15,14,3200.0,98.0,westbound
Li 98.7,2026-09-15,15,3579.0,99.0,westbound
Li 98.7,2026-09-15,16,4136.0,98.0,westbound
Li 98.7,2026-09-15,17,3994.0,101.0,westbound
Li 98.7,2026-09-15,18,2208.0,104.0,westbound
Li 98.7,2026-09-15,19,1640.0,107.0,westbound
Li 98.7,2026-09-15,20,1221.0,105.0,westbound
Li 98.7,2026-09-15,21,1026.0,106.0,westbound
Li 98.7,2026-09-15,22,755.0,105.0,westbound
Li 98.7,2026-09-15,23,393.0,103.0,westbound
Li 98.7,2026-09-22,0,245.0,102.0,westbound
Li 98.7,2026-09-22,1,175.0,101.0,westbound
Li 98.7,2026-09-22,2,186.0,97.0,westbound
Li 98.7,2026-09-22,3,252.0,96.0,westbound
Li 98.7,2026-09-22,4,542.0,99.0,westbound
Li 98.7,2026-09-22,5,2131.0,103.0,westbound
Li 98.7,2026-09-22,6,4573.0,99.0,westbound
Li 98.7,2026-09-22,7,6008.0,96.0,westbound
Li 98.7,2026-09-22,8,5296.0,97.0,westbound
Li 98.7,2026-09-22,9,3485.0,98.0,westbound
Li 98.7,2026-09-22,10,2900.0,98.0,westbound
Li 98.7,2026-09-22,11,2853.0,99.0,westbound
Li 98.7,2026-09-22,12,3080.0,98.0,westbound
Li 98.7,2026-09-22,13,3006.1,98.99999999999999,westbound
Li 98.7,2026-09-22,14,3201.0,98.0,westbound
Li 98.7,2026-09-22,15,3574.0,99.0,westbound
Li 98.7,2026-09-22,16,4125.0,99.0,westbound
Li 98.7,2026-09-22,17,3972.0,101.0,westbound
Li 98.7,2026-09-22,18,2171.0,104.0,westbound
Li 98.7,2026-09-22,19,1529.0,107.0,westbound
Li 98.7,2026-09-22,20,1135.0,106.0,westbound
Li 98.7,2026-09-22,21,1084.0,107.0,westbound
Li 98.7,2026-09-22,22,786.0,106.0,westbound
Li 98.7,2026-09-22,23,419.0,103.0,westbound
Li 98.7,2026-09-29,0,208.0,100.0,westbound
Li 98.7,2026-09-29,1,193.0,99.0,westbound
Li 98.7,2026-09-29,2,196.0,100.0,westbound
Li 98.7,2026-09-29,3,267.0,95.0,westbound
Li 98.7,2026-09-29,4,585.0,100.0,westbound
Li 98.7,2026-09-29,5,2169.0,104.0,westbound
Li 98.7,2026-09-29,6,4702.0,99.0,westbound
Li 98.7,2026-09-29,7,5946.0,98.0,westbound
Li 98.7,2026-09-29,8,5401.0,97.0,westbound
Li 98.7,2026-09-29,9,3610.0,98.0,westbound
Li 98.7,2026-09-29,10,2997.0,98.0,westbound
Li 98.7,2026-09-29,11,3120.0,98.0,westbound
Li 98.7,2026-09-29,12,3318.3,98.0,westbound
Li 98.7,2026-09-29,13,3005.1,98.99999999999999,westbound
Li 98.7,2026-09-29,14,3258.0,98.0,westbound
Li 98.7,2026-09-29,15,3722.0,98.0,westbound
Li 98.7,2026-09-29,16,4086.0,100.0,westbound
Li 98.7,2026-09-29,17,3982.0,101.0,westbound
Li 98.7,2026-09-29,18,2310.0,103.0,westbound
Li 98.7,2026-09-29,19,1529.0,106.0,westbound
Li 98.7,2026-09-29,20,1222.0,106.0,westbound
Li 98.7,2026-09-29,21,1004.0,106.0,westbound
Li 98.7,2026-09-29,22,766.0,105.0,westbound
Li 98.7,2026-09-29,23,383.0,105.0,westbound
Li 98.7,2026-10-06,0,237.0,100.0,westbound
Li 98.7,2026-10-06,1,188.0,97.0,westbound
Li 98.7,2026-10-06,2,166.0,96.0,westbound
Li 98.7,2026-10-06,3,254.0,94.0,westbound
Li 98.7,2026-10-06,4,539.0,98.0,westbound
Li 98.7,2026-10-06,5,2279.0,103.0,westbound
Li 98.7,2026-10-06,6,4839.0,97.0,westbound
Li 98.7,2026-10-06,7,6190.0,95.0,westbound
Li 98.7,2026-10-06,8,5445.0,96.0,westbound
Li 98.7,2026-10-06,9,3677.0,89.0,westbound
Li 98.7,2026-10-06,10,2857.0,98.0,westbound
Li 98.7,2026-10-06,11,3004.0,97.0,westbound
Li 98.7,2026-10-06,12,3098.0,98.0,westbound
Li 98.7,2026-10-06,13,2987.0,99.0,westbound
Li 98.7,2026-10-06,14,3184.0,99.0,westbound
Li 98.7,2026-10-06,15,3571.0,99.0,westbound
Li 98.7,2026-10-06,16,4208.0,99.0,westbound
Li 98.7,2026-10-06,17,4146.0,101.0,westbound
Li 98.7,2026-10-06,18,2301.0,104.0,westbound
Li 98.7,2026-10-06,19,1491.0,105.0,westbound
Li 98.7,2026-10-06,20,1119.0,106.0,westbound
Li 98.7,2026-10-06,21,946.0,108.0,westbound
Li 98.7,2026-10-06,22,707.0,106.0,westbound
Li 98.7,2026-10-06,23,401.0,104.0,westbound
Li 90.6,2026-08-25,0,143.0,108.0,westbound
Li 90.6,2026-08-25,1,136.0,103.0,westbound
Li 90.6,2026-08-25,2,104.0,106.0,westbound
Li 90.6,2026-08-25,3,161.0,101.0,westbound
Li 90.6,2026-08-25,4,233.0,103.0,westbound
Li 90.6,2026-08-25,5,1102.0,113.0,westbound
Li 90.6,2026-08-25,6,2712.0,108.0,westbound
Li 90.6,2026-08-25,7,3076.0,106.0,westbound
Li 90.6,2026-08-25,8,2787.5,106.0,westbound
Li 90.6,2026-08-25,9,1846.0,106.0,westbound
Li 90.6,2026-08-25,10,1438.0,105.0,westbound
Li 90.6,2026-08-25,11,1552.0,104.0,westbound
Li 90.6,2026-08-25,12,1551.0,105.0,westbound
Li 90.6,2026-08-25,13,1535.0,105.0,westbound
Li 90.6,2026-08-25,14,1489.8,105.0,westbound
Li 90.6,2026-08-25,15,1511.0,106.0,westbound
Li 90.6,2026-08-25,16,1920.0,107.0,westbound
Li 90.6,2026-08-25,17,1896.0,109.0,westbound
Li 90.6,2026-08-25,18,1243.0,108.0,westbound
Li 90.6,2026-08-25,19,867.0,114.0,westbound
Li 90.6,2026-08-25,20,712.0,116.0,westbound
Li 90.6,2026-08-25,21,608.0,116.0,westbound
Li 90.6,2026-08-25,22,453.0,115.0,westbound
Li 90.6,2026-08-25,23,257.0,114.0,westbound
Li 90.6,2026-09-01,0,128.0,104.0,westbound
Li 90.6,2026-09-01,1,121.0,103.0,westbound
Li 90.6,2026-09-01,2,139.0,107.0,westbound
Li 90.6,2026-09-01,3,158.0,104.0,westbound
Li 90.6,2026-09-01,4,279.0,105.0,westbound
Li 90.6,2026-09-01,5,1162.0,113.0,westbound
Li 90.6,2026-09-01,6,2253.0,108.0,westbound
Li 90.6,2026-09-01,7,2706.0,107.0,westbound
Li 90.6,2026-09-01,8,2417.0,107.0,westbound
Li 90.6,2026-09-01,9,1693.0,105.0,westbound
Li 90.6,2026-09-01,10,1517.0,104.0,westbound
Li 90.6,2026-09-01,11,1503.0,104.0,westbound
Li 90.6,2026-09-01,12,1657.0,105.0,westbound
Li 90.6,2026-09-01,13,1381.0,105.0,westbound
Li 90.6,2026-09-01,14,1451.0,104.0,westbound
Li 90.6,2026-09-01,15,1377.0,106.0,westbound
Li 90.6,2026-09-01,16,1600.0,107.0,westbound
Li 90.6,2026-09-01,17,1691.0,109.0,westbound
Li 90.6,2026-09-01,18,1087.0,109.0,westbound
Li 90.6,2026-09-01,19,787.0,115.0,westbound
Li 90.6,2026-09-01,20,444.4,114.0,westbound
Li 90.6,2026-09-01,21,257.0,113.0,westbound
Li 90.6,2026-09-01,22,175.0,114.0,westbound
Li 90.6,2026-09-01,23,117.0,112.0,westbound
Li 90.6,2026-09-08,0,134.0,108.0,westbound
Li 90.6,2026-09-08,1,122.0,104.0,westbound
Li 90.6,2026-09-08,2,100.0,105.0,westbound
Li 90.6,2026-09-08,3,172.0,102.0,westbound
Li 90.6,2026-09-08,4,261.0,104.0,westbound
Li 90.6,2026-09-08,5,1092.0,112.0,westbound
Li 90.6,2026-09-08,6,2396.0,108.0,westbound
Li 90.6,2026-09-08,7,2766.0,106.0,westbound
Li 90.6,2026-09-08,8,2448.0,105.0,westbound
Li 90.6,2026-09-08,9,1442.0,105.0,westbound
Li 90.6,2026-09-08,10,1234.0,104.0,westbound
Li 90.6,2026-09-08,11,1456.0,103.0,westbound
Li 90.6,2026-09-08,12,1542.0,104.0,westbound
Li 90.6,2026-09-08,13,1489.0,103.0,westbound
Li 90.6,2026-09-08,14,1281.0,104.0,westbound
Li 90.6,2026-09-08,15,1236.0,107.0,westbound
Li 90.6,2026-09-08,16,1614.0,106.0,westbound
Li 90.6,2026-09-08,17,1533.6,110.0,westbound
Li 90.6,2026-09-08,18,980.0,108.0,westbound
Li 90.6,2026-09-08,19,843.0,112.0,westbound
Li 90.6,2026-09-08,20,589.0,113.0,westbound
Li 90.6,2026-09-08,21,557.0,115.0,westbound
Li 90.6,2026-09-08,22,372.0,113.0,westbound
Li 90.6,2026-09-08,23,225.0,113.0,westbound
Li 90.6,2026-09-15,0,45.0,104.0,westbound
Li 90.6,2026-09-15,1,28.0,102.0,westbound
Li 90.6,2026-09-15,2,37.0,105.0,westbound
Li 90.6,2026-09-15,3,43.0,102.0,westbound
Li 90.6,2026-09-15,4,143.0,103.0,westbound
Li 90.6,2026-09-15,5,1038.0,115.0,westbound
Li 90.6,2026-09-15,6,2234.2,108.0,westbound
Li 90.6,2026-09-15,7,2912.0,106.0,westbound
Li 90.6,2026-09-15,8,2436.0,107.0,westbound
Li 90.6,2026-09-15,9,1724.0,106.0,westbound
Li 90.6,2026-09-15,10,1377.0,104.0,westbound
Li 90.6,2026-09-15,11,1599.0,104.0,westbound
Li 90.6,2026-09-15,12,1616.0,105.0,westbound
Li 90.6,2026-09-15,13,1391.0,105.0,westbound
Li 90.6,2026-09-15,14,1196.0,104.0,westbound
Li 90.6,2026-09-15,15,1483.0,106.0,westbound
Li 90.6,2026-09-15,16,1797.0,107.0,westbound
Li 90.6,2026-09-15,17,1755.0,109.0,westbound
Li 90.6,2026-09-15,18,1109.0,110.0,westbound
Li 90.6,2026-09-15,19,887.0,117.0,westbound
Li 90.6,2026-09-15,20,495.0,115.0,westbound
Li 90.6,2026-09-15,21,254.0,109.0,westbound
Li 90.6,2026-09-15,22,171.0,116.0,westbound
Li 90.6,2026-09-15,23,78.0,113.0,westbound
Li 90.6,2026-09-22,0,126.0,105.0,westbound
Li 90.6,2026-09-22,1,102.0,104.0,westbound
Li 90.6,2026-09-22,2,109.0,102.0,westbound
Li 90.6,2026-09-22,3,142.0,101.0,westbound
Li 90.6,2026-09-22,4,249.0,104.0,westbound
Li 90.6,2026-09-22,5,1149.0,113.0,westbound
Li 90.6,2026-09-22,6,2222.0,109.0,westbound
Li 90.6,2026-09-22,7,2792.0,106.0,westbound
Li 90.6,2026-09-22,8,2508.0,106.0,westbound
Li 90.6,2026-09-22,9,1713.0,104.0,westbound
Li 90.6,2026-09-22,10,1459.0,103.0,westbound
Li 90.6,2026-09-22,11,1488.0,102.0,westbound
Li 90.6,2026-09-22,12,1551.0,102.0,westbound
Li 90.6,2026-09-22,13,1474.6,102.0,westbound
Li 90.6,2026-09-22,14,1455.0,102.0,westbound
Li 90.6,2026-09-22,15,1504.0,105.0,westbound
Li 90.6,2026-09-22,16,1828.0,107.0,westbound
Li 90.6,2026-09-22,17,1852.0,108.0,westbound
Li 90.6,2026-09-22,18,1098.0,109.0,westbound
Li 90.6,2026-09-22,19,794.0,116.0,westbound
Li 90.6,2026-09-22,20,543.0,115.0,westbound
Li 90.6,2026-09-22,21,551.0,116.0,westbound
Li 90.6,2026-09-22,22,394.0,116.0,westbound
Li 90.6,2026-09-22,23,228.0,112.0,westbound
Li 90.6,2026-09-29,0,87.0,103.0,westbound
Li 90.6,2026-09-29,1,90.0,109.0,westbound
Li 90.6,2026-09-29,2,92.0,109.0,westbound
Li 90.6,2026-09-29,3,104.0,104.0,westbound
Li 90.6,2026-09-29,4,251.0,106.0,westbound
Li 90.6,2026-09-29,5,1078.0,114.0,westbound
Li 90.6,2026-09-29,6,2118.0,109.0,westbound
Li 90.6,2026-09-29,7,2780.0,107.0,westbound
Li 90.6,2026-09-29,8,2734.0,106.0,westbound
Li 90.6,2026-09-29,9,1986.0,105.0,westbound
Li 90.6,2026-09-29,10,1476.0,105.0,westbound
Li 90.6,2026-09-29,11,1567.0,103.0,westbound
Li 90.6,2026-09-29,12,1622.0,103.0,westbound
Li 90.6,2026-09-29,13,1332.2,104.00000000000001,westbound
Li 90.6,2026-09-29,14,1466.0,105.0,westbound
Li 90.6,2026-09-29,15,1449.0,107.0,westbound
Li 90.6,2026-09-29,16,1707.0,108.0,westbound
Li 90.6,2026-09-29,17,1743.0,110.0,westbound
Li 90.6,2026-09-29,18,1152.0,109.0,westbound
Li 90.6,2026-09-29,19,789.0,116.0,westbound
Li 90.6,2026-09-29,20,608.0,115.0,westbound
Li 90.6,2026-09-29,21,500.0,114.0,westbound
Li 90.6,2026-09-29,22,309.0,113.0,westbound
Li 90.6,2026-09-29,23,175.0,114.0,westbound
Li 90.6,2026-10-06,0,116.0,105.0,westbound
Li 90.6,2026-10-06,1,108.0,101.0,westbound
Li 90.6,2026-10-06,2,92.0,103.0,westbound
Li 90.6,2026-10-06,3,125.0,98.0,westbound
Li 90.6,2026-10-06,4,265.0,102.0,westbound
Li 90.6,2026-10-06,5,1161.0,112.0,westbound
Li 90.6,2026-10-06,6,2203.0,109.0,westbound
Li 90.6,2026-10-06,7,2916.0,106.0,westbound
Li 90.6,2026-10-06,8,2679.0,106.0,westbound
Li 90.6,2026-10-06,9,1765.0,105.0,westbound
Li 90.6,2026-10-06,10,1448.0,103.0,westbound
Li 90.6,2026-10-06,11,1470.0,101.0,westbound
Li 90.6,2026-10-06,12,1425.0,101.0,westbound
Li 90.6,2026-10-06,13,1345.0,101.0,westbound
Li 90.6,2026-10-06,14,1178.0,103.0,westbound
Li 90.6,2026-10-06,15,1462.0,104.0,westbound
Li 90.6,2026-10-06,16,1707.0,105.0,westbound
Li 90.6,2026-10-06,17,1739.0,108.0,westbound
Li 90.6,2026-10-06,18,1089.0,109.0,westbound
Li 90.6,2026-10-06,19,781.0,114.0,westbound
Li 90.6,2026-10-06,20,603.0,116.0,westbound
Li 90.6,2026-10-06,21,495.0,117.0,westbound
Li 90.6,2026-10-06,22,354.0,115.0,westbound
Li 90.6,2026-10-06,23,195.0,111.0,westbound
Li 46.0,2026-08-25,0,322.1,103.0,westbound
Li 46.0,2026-08-25,1,212.5,96.0,westbound
Li 46.0,2026-08-25,2,197.1,97.0,westbound
Li 46.0,2026-08-25,3,190.9,100.0,westbound
Li 46.0,2026-08-25,4,286.7,99.0,westbound
Li 46.0,2026-08-25,5,1260.0,100.0,westbound
Li 46.0,2026-08-25,6,3529.6,98.99999999999999,westbound
Li 46.0,2026-08-25,7,3462.9,99.00000000000001,westbound
Li 46.0,2026-08-25,8,2706.3,97.0,westbound
Li 46.0,2026-08-25,9,2220.0,101.0,westbound
Li 46.0,2026-08-25,10,2955.7,97.0,westbound
Li 46.0,2026-08-25,11,3016.4,97.0,westbound
Li 46.0,2026-08-25,12,3000.0,97.0,westbound
Li 46.0,2026-08-25,13,3201.4,96.0,westbound
Li 46.0,2026-08-25,14,3247.5,97.0,westbound
Li 46.0,2026-08-25,15,3382.9,98.0,westbound
Li 46.0,2026-08-25,16,3455.5,100.0,westbound
Li 46.0,2026-08-25,17,3471.4,101.0,westbound
Li 46.0,2026-08-25,18,3035.5,101.0,westbound
Li 46.0,2026-08-25,19,2165.2,108.0,westbound
Li 46.0,2026-08-25,20,1560.0,107.0,westbound
Li 46.0,2026-08-25,21,1398.9,106.00000000000001,westbound
Li 46.0,2026-08-25,22,1045.0,110.0,westbound
Li 46.0,2026-08-25,23,619.1,108.0,westbound
Li 46.0,2026-09-01,0,321.8,106.99999999999999,westbound
Li 46.0,2026-09-01,1,182.9,99.00000000000001,westbound
Li 46.0,2026-09-01,2,174.3,102.0,westbound
Li 46.0,2026-09-01,3,254.3,103.0,westbound
Li 46.0,2026-09-01,4,353.7,96.0,westbound
Li 46.0,2026-09-01,5,1398.0,103.0,westbound
Li 46.0,2026-09-01,6,3342.9,99.00000000000001,westbound
Li 46.0,2026-09-01,7,3613.3,83.0,westbound
Li 46.0,2026-09-01,8,3456.5,96.0,westbound
Li 46.0,2026-09-01,9,3477.0,97.0,westbound
Li 46.0,2026-09-01,10,3089.0,96.0,westbound
Li 46.0,2026-09-01,11,2828.6,97.00000000000001,westbound
Li 46.0,2026-09-01,12,3117.0,96.0,westbound
Li 46.0,2026-09-01,13,3100.9,95.0,westbound
Li 46.0,2026-09-01,14,3177.5,96.0,westbound
Li 46.0,2026-09-01,15,3220.0,97.0,westbound
Li 46.0,2026-09-01,16,3396.9,99.00000000000001,westbound
Li 46.0,2026-09-01,17,3623.5,99.0,westbound
Li 46.0,2026-09-01,18,2760.0,103.0,westbound
Li 46.0,2026-09-01,19,1843.6,107.0,westbound
Li 46.0,2026-09-01,20,1158.9,110.0,westbound
Li 46.0,2026-09-01,21,1105.3,111.0,westbound
Li 46.0,2026-09-01,22,954.5,111.0,westbound
Li 46.0,2026-09-01,23,402.4,108.0,westbound
Li 46.0,2026-09-08,0,293.7,103.0,westbound
Li 46.0,2026-09-08,1,185.2,100.99999999999999,westbound
Li 46.0,2026-09-08,2,159.1,99.0,westbound
Li 46.0,2026-09-08,3,166.2,105.00000000000001,westbound
Li 46.0,2026-09-08,4,362.7,98.99999999999999,westbound
Li 46.0,2026-09-08,5,1330.6,107.0,westbound
Li 46.0,2026-09-08,6,3366.9,93.0,westbound
Li 46.0,2026-09-08,7,3666.0,81.0,westbound
Li 46.0,2026-09-08,8,3291.4,67.0,westbound
Li 46.0,2026-09-08,9,3290.4,93.0,westbound
Li 46.0,2026-09-08,10,2934.0,95.0,westbound
Li 46.0,2026-09-08,11,3039.1,96.0,westbound
Li 46.0,2026-09-08,12,3101.7,95.99999999999999,westbound
Li 46.0,2026-09-08,13,3177.5,97.0,westbound
Li 46.0,2026-09-08,14,3047.0,97.0,westbound
Li 46.0,2026-09-08,15,3079.3,99.0,westbound
Li 46.0,2026-09-08,16,3395.6,98.0,westbound
Li 46.0,2026-09-08,17,3271.6,98.0,westbound
Li 46.0,2026-09-08,18,2760.0,101.0,westbound
Li 46.0,2026-09-08,19,2047.8,105.0,westbound
Li 46.0,2026-09-08,20,1314.3,103.0,westbound
Li 46.0,2026-09-08,21,1155.0,99.0,westbound
Li 46.0,2026-09-08,22,968.9,89.0,westbound
Li 46.0,2026-09-08,23,507.0,80.0,westbound
Li 46.0,2026-09-15,0,180.0,108.0,westbound
Li 46.0,2026-09-15,1,97.2,102.0,westbound
Li 46.0,2026-09-15,2,84.4,98.0,westbound
Li 46.0,2026-09-15,3,107.0,100.0,westbound
Li 46.0,2026-09-15,4,199.0,101.0,westbound
Li 46.0,2026-09-15,5,1293.0,103.0,westbound
Li 46.0,2026-09-15,6,3393.0,99.0,westbound
Li 46.0,2026-09-15,7,3316.0,94.0,westbound
Li 46.0,2026-09-15,8,2136.0,31.0,westbound
Li 46.0,2026-09-15,9,2812.0,51.0,westbound
Li 46.0,2026-09-15,10,3001.0,95.0,westbound
Li 46.0,2026-09-15,11,2940.0,97.0,westbound
Li 46.0,2026-09-15,12,2878.0,97.0,westbound
Li 46.0,2026-09-15,13,2330.0,98.0,westbound
Li 46.0,2026-09-15,14,1595.0,101.0,westbound
Li 46.0,2026-09-15,15,3153.0,98.0,westbound
Li 46.0,2026-09-15,16,3701.0,99.0,westbound
Li 46.0,2026-09-15,17,3736.0,98.0,westbound
Li 46.0,2026-09-15,18,3062.0,97.0,westbound
Li 46.0,2026-09-15,19,2046.0,106.0,westbound
Li 46.0,2026-09-15,20,1289.0,108.0,westbound
Li 46.0,2026-09-15,21,950.0,112.0,westbound
Li 46.0,2026-09-15,22,819.0,110.0,westbound
Li 46.0,2026-09-15,23,391.0,109.0,westbound
Li 46.0,2026-09-22,0,245.6,104.0,westbound
Li 46.0,2026-09-22,1,180.0,102.0,westbound
Li 46.0,2026-09-22,2,206.7,100.0,westbound
Li 46.0,2026-09-22,3,182.2,95.0,westbound
Li 46.0,2026-09-22,4,324.4,101.0,westbound
Li 46.0,2026-09-22,5,1406.9,104.0,westbound
Li 46.0,2026-09-22,6,3348.9,98.0,westbound
Li 46.0,2026-09-22,7,3449.0,98.0,westbound
Li 46.0,2026-09-22,8,3524.5,81.0,westbound
Li 46.0,2026-09-22,9,3220.7,87.0,westbound
Li 46.0,2026-09-22,10,3051.1,96.0,westbound
Li 46.0,2026-09-22,11,2832.7,95.99999999999999,westbound
Li 46.0,2026-09-22,12,3372.4,96.0,westbound
Li 46.0,2026-09-22,13,3482.1,97.0,westbound
Li 46.0,2026-09-22,14,3180.0,97.0,westbound
Li 46.0,2026-09-22,15,3432.4,98.0,westbound
Li 46.0,2026-09-22,16,3617.4,99.00000000000001,westbound
Li 46.0,2026-09-22,17,3589.1,100.0,westbound
Li 46.0,2026-09-22,18,3160.0,101.0,westbound
Li 46.0,2026-09-22,19,2010.0,108.0,westbound
Li 46.0,2026-09-22,20,1479.4,109.0,westbound
Li 46.0,2026-09-22,21,1227.9,111.00000000000001,westbound
Li 46.0,2026-09-22,22,1118.0,109.0,westbound
Li 46.0,2026-09-22,23,579.3,107.0,westbound
Li 46.0,2026-09-29,0,189.7,100.99999999999999,westbound
Li 46.0,2026-09-29,1,150.0,105.0,westbound
Li 46.0,2026-09-29,2,148.8,109.0,westbound
Li 46.0,2026-09-29,3,151.5,100.0,westbound
Li 46.0,2026-09-29,4,274.5,97.0,westbound
Li 46.0,2026-09-29,5,1392.3,105.0,westbound
Li 46.0,2026-09-29,6,3267.1,98.0,westbound
Li 46.0,2026-09-29,7,3645.0,98.0,westbound
Li 46.0,2026-09-29,8,3551.4,98.0,westbound
Li 46.0,2026-09-29,9,3267.6,93.99999999999999,westbound
Li 46.0,2026-09-29,10,3165.5,95.0,westbound
Li 46.0,2026-09-29,11,2850.0,97.0,westbound
Li 46.0,2026-09-29,12,3181.7,97.0,westbound
Li 46.0,2026-09-29,13,3159.4,96.0,westbound
Li 46.0,2026-09-29,14,3172.5,98.0,westbound
Li 46.0,2026-09-29,15,3645.0,99.0,westbound
Li 46.0,2026-09-29,16,3689.3,99.0,westbound
Li 46.0,2026-09-29,17,3601.2,100.0,westbound
Li 46.0,2026-09-29,18,3002.3,101.00000000000001,westbound
Li 46.0,2026-09-29,19,2037.0,106.0,westbound
Li 46.0,2026-09-29,20,1573.0,108.0,westbound
Li 46.0,2026-09-29,21,1256.9,108.0,westbound
Li 46.0,2026-09-29,22,966.0,110.0,westbound
Li 46.0,2026-09-29,23,527.0,109.0,westbound
Li 46.0,2026-10-06,0,266.1,105.0,westbound
Li 46.0,2026-10-06,1,161.5,101.0,westbound
Li 46.0,2026-10-06,2,183.8,98.0,westbound
Li 46.0,2026-10-06,3,155.4,98.0,westbound
Li 46.0,2026-10-06,4,330.0,97.0,westbound
Li 46.0,2026-10-06,5,1451.0,104.0,westbound
Li 46.0,2026-10-06,6,3268.5,97.0,westbound
Li 46.0,2026-10-06,7,3284.0,98.0,westbound
Li 46.0,2026-10-06,8,3632.3,97.0,westbound
Li 46.0,2026-10-06,9,3213.2,95.99999999999999,westbound
Li 46.0,2026-10-06,10,2785.5,97.0,westbound
Li 46.0,2026-10-06,11,2902.6,97.0,westbound
Li 46.0,2026-10-06,12,3192.6,97.0,westbound
Li 46.0,2026-10-06,13,1474.5,99.0,westbound
Li 46.0,2026-10-06,14,2092.5,98.0,westbound
Li 46.0,2026-10-06,15,2911.0,98.0,westbound
Li 46.0,2026-10-06,16,3581.2,100.0,westbound
Li 46.0,2026-10-06,17,3705.0,100.0,westbound
Li 46.0,2026-10-06,18,2721.4,101.99999999999999,westbound
Li 46.0,2026-10-06,19,2018.6,108.0,westbound
Li 46.0,2026-10-06,20,1501.9,109.0,westbound
Li 46.0,2026-10-06,21,1274.5,111.0,westbound
Li 46.0,2026-10-06,22,1122.2,109.0,westbound
Li 46.0,2026-10-06,23,482.2,107.0,westbound
Li 43.4,2026-08-25,0,265.3,115.0,westbound
Li 43.4,2026-08-25,1,180.0,107.0,westbound
Li 43.4,2026-08-25,2,148.6,106.0,westbound
Li 43.4,2026-08-25,3,142.9,104.0,westbound
Li 43.4,2026-08-25,4,290.0,104.0,westbound
Li 43.4,2026-08-25,5,1265.7,106.99999999999999,westbound
Li 43.4,2026-08-25,6,3564.0,95.0,westbound
Li 43.4,2026-08-25,7,4000.0,91.0,westbound
Li 43.4,2026-08-25,8,3630.0,93.0,westbound
Li 43.4,2026-08-25,9,2990.5,97.0,westbound
Li 43.4,2026-08-25,10,3442.9,72.0,westbound
Li 43.4,2026-08-25,11,3105.0,92.0,westbound
Li 43.4,2026-08-25,12,3188.6,95.0,westbound
Li 43.4,2026-08-25,13,3348.6,96.0,westbound
Li 43.4,2026-08-25,14,3188.2,95.0,westbound
Li 43.4,2026-08-25,15,3705.7,94.0,westbound
Li 43.4,2026-08-25,16,4082.9,62.0,westbound
Li 43.4,2026-08-25,17,3828.0,53.0,westbound
Li 43.4,2026-08-25,18,3060.0,91.0,westbound
Li 43.4,2026-08-25,19,2022.9,109.0,westbound
Li 43.4,2026-08-25,20,1634.3,111.0,westbound
Li 43.4,2026-08-25,21,1456.7,109.00000000000001,westbound
Li 43.4,2026-08-25,22,1202.5,112.0,westbound
Li 43.4,2026-08-25,23,638.2,113.0,westbound
Li 43.4,2026-09-01,0,277.5,106.0,westbound
Li 43.4,2026-09-01,1,171.4,110.0,westbound
Li 43.4,2026-09-01,2,183.3,108.0,westbound
Li 43.4,2026-09-01,3,231.4,109.0,westbound
Li 43.4,2026-09-01,4,265.3,106.0,westbound
Li 43.4,2026-09-01,5,1101.0,107.0,westbound
Li 43.4,2026-09-01,6,3558.9,90.0,westbound
Li 43.4,2026-09-01,7,4217.6,73.0,westbound
Li 43.4,2026-09-01,8,3864.0,73.0,westbound
Li 43.4,2026-09-01,9,3651.0,91.0,westbound
Li 43.4,2026-09-01,10,2824.6,95.0,westbound
Li 43.4,2026-09-01,11,2799.0,96.0,westbound
Li 43.4,2026-09-01,12,3038.8,95.0,westbound
Li 43.4,2026-09-01,13,3231.8,96.00000000000001,westbound
Li 43.4,2026-09-01,14,3229.6,95.0,westbound
Li 43.4,2026-09-01,15,3813.6,90.0,westbound
Li 43.4,2026-09-01,16,4022.6,63.0,westbound
Li 43.4,2026-09-01,17,3865.7,59.0,westbound
Li 43.4,2026-09-01,18,3042.4,89.00000000000001,westbound
Li 43.4,2026-09-01,19,2070.0,108.0,westbound
Li 43.4,2026-09-01,20,1581.2,110.0,westbound
Li 43.4,2026-09-01,21,1345.3,110.0,westbound
Li 43.4,2026-09-01,22,1272.0,113.0,westbound
Li 43.4,2026-09-01,23,578.8,113.0,westbound
Li 43.4,2026-09-08,0,252.6,110.0,westbound
Li 43.4,2026-09-08,1,117.1,107.0,westbound
Li 43.4,2026-09-08,2,126.3,106.0,westbound
Li 43.4,2026-09-08,3,155.5,105.0,westbound
Li 43.4,2026-09-08,4,291.0,104.0,westbound
Li 43.4,2026-09-08,5,1228.0,106.0,westbound
Li 43.4,2026-09-08,6,3055.0,93.0,westbound
Li 43.4,2026-09-08,7,3507.0,94.0,westbound
Li 43.4,2026-09-08,8,3413.7,94.0,westbound
Li 43.4,2026-09-08,9,3052.5,95.0,westbound
Li 43.4,2026-09-08,10,2592.6,96.0,westbound
Li 43.4,2026-09-08,11,2379.0,98.0,westbound
Li 43.4,2026-09-08,12,2760.0,95.0,westbound
Li 43.4,2026-09-08,13,2937.3,95.0,westbound
Li 43.4,2026-09-08,14,2921.1,97.0,westbound
Li 43.4,2026-09-08,15,3250.0,94.0,westbound
Li 43.4,2026-09-08,16,3514.7,65.0,westbound
Li 43.4,2026-09-08,17,3483.5,54.0,westbound
Li 43.4,2026-09-08,18,3009.0,79.0,westbound
Li 43.4,2026-09-08,19,1834.3,107.0,westbound
Li 43.4,2026-09-08,20,1337.6,107.0,westbound
Li 43.4,2026-09-08,21,1273.3,99.0,westbound
Li 43.4,2026-09-08,22,676.8,107.0,westbound
Li 43.4,2026-09-08,23,0.0,,westbound
Li 43.4,2026-09-15,0,234.0,113.0,westbound
Li 43.4,2026-09-15,1,123.1,109.0,westbound
Li 43.4,2026-09-15,2,121.0,104.0,westbound
Li 43.4,2026-09-15,3,168.0,110.0,westbound
Li 43.4,2026-09-15,4,240.0,109.0,westbound
Li 43.4,2026-09-15,5,1246.0,107.0,westbound
Li 43.4,2026-09-15,6,3523.0,93.0,westbound
Li 43.4,2026-09-15,7,3749.0,92.0,westbound
Li 43.4,2026-09-15,8,1826.0,25.0,westbound
Li 43.4,2026-09-15,9,3242.0,80.0,westbound
Li 43.4,2026-09-15,10,2841.0,95.0,westbound
Li 43.4,2026-09-15,11,2544.0,97.0,westbound
Li 43.4,2026-09-15,12,2676.0,97.0,westbound
Li 43.4,2026-09-15,13,2827.0,88.0,westbound
Li 43.4,2026-09-15,14,2909.0,98.0,westbound
Li 43.4,2026-09-15,15,3869.0,80.0,westbound
Li 43.4,2026-09-15,16,4106.0,76.0,westbound
Li 43.4,2026-09-15,17,3919.0,61.0,westbound
Li 43.4,2026-09-15,18,3358.0,94.0,westbound
Li 43.4,2026-09-15,19,2056.0,108.0,westbound
Li 43.4,2026-09-15,20,1538.0,108.0,westbound
Li 43.4,2026-09-15,21,1474.0,111.0,westbound
Li 43.4,2026-09-15,22,1273.0,110.0,westbound
Li 43.4,2026-09-15,23,703.4,113.99999999999999,westbound
Li 43.4,2026-09-22,0,269.0,107.0,westbound
Li 43.4,2026-09-22,1,190.7,107.0,westbound
Li 43.4,2026-09-22,2,202.2,105.0,westbound
Li 43.4,2026-09-22,3,168.9,104.00000000000001,westbound
Li 43.4,2026-09-22,4,315.6,108.0,westbound
Li 43.4,2026-09-22,5,1362.9,105.0,westbound
Li 43.4,2026-09-22,6,3710.0,91.0,westbound
Li 43.4,2026-09-22,7,3976.6,68.0,westbound
Li 43.4,2026-09-22,8,3934.0,63.0,westbound
Li 43.4,2026-09-22,9,3445.4,92.0,westbound
Li 43.4,2026-09-22,10,3022.2,95.0,westbound
Li 43.4,2026-09-22,11,2872.0,95.0,westbound
Li 43.4,2026-09-22,12,3300.0,94.0,westbound
Li 43.4,2026-09-22,13,3440.0,94.0,westbound
Li 43.4,2026-09-22,14,3398.0,94.0,westbound
Li 43.4,2026-09-22,15,3791.1,91.0,westbound
Li 43.4,2026-09-22,16,4039.3,63.0,westbound
Li 43.4,2026-09-22,17,4020.0,58.0,westbound
Li 43.4,2026-09-22,18,3385.4,90.0,westbound
Li 43.4,2026-09-22,19,2063.1,108.0,westbound
Li 43.4,2026-09-22,20,1644.0,109.0,westbound
Li 43.4,2026-09-22,21,1422.2,111.0,westbound
Li 43.4,2026-09-22,22,1154.5,112.0,westbound
Li 43.4,2026-09-22,23,579.3,113.0,westbound
Li 43.4,2026-09-29,0,417.9,107.0,westbound
Li 43.4,2026-09-29,1,290.3,103.0,westbound
Li 43.4,2026-09-29,2,283.2,103.0,westbound
Li 43.4,2026-09-29,3,335.4,104.0,westbound
Li 43.4,2026-09-29,4,492.3,104.0,westbound
Li 43.4,2026-09-29,5,1427.7,106.99999999999999,westbound
Li 43.4,2026-09-29,6,3611.1,91.0,westbound
Li 43.4,2026-09-29,7,4092.8,65.0,westbound
Li 43.4,2026-09-29,8,4002.9,80.0,westbound
Li 43.4,2026-09-29,9,3401.8,94.0,westbound
Li 43.4,2026-09-29,10,3245.8,94.0,westbound
Li 43.4,2026-09-29,11,2947.7,97.0,westbound
Li 43.4,2026-09-29,12,3241.8,96.00000000000001,westbound
Li 43.4,2026-09-29,13,3317.4,95.0,westbound
Li 43.4,2026-09-29,14,3609.7,94.0,westbound
Li 43.4,2026-09-29,15,4032.6,74.0,westbound
Li 43.4,2026-09-29,16,3955.0,64.0,westbound
Li 43.4,2026-09-29,17,3932.3,65.0,westbound
Li 43.4,2026-09-29,18,3235.3,83.0,westbound
Li 43.4,2026-09-29,19,2184.0,108.0,westbound
Li 43.4,2026-09-29,20,1704.4,109.0,westbound
Li 43.4,2026-09-29,21,1206.2,111.0,westbound
Li 43.4,2026-09-29,22,1030.0,113.0,westbound
Li 43.4,2026-09-29,23,536.0,115.0,westbound
Li 43.4,2026-10-06,0,208.7,113.0,westbound
Li 43.4,2026-10-06,1,133.8,108.0,westbound
Li 43.4,2026-10-06,2,157.5,104.0,westbound
Li 43.4,2026-10-06,3,198.5,105.0,westbound
Li 43.4,2026-10-06,4,306.2,108.0,westbound
Li 43.4,2026-10-06,5,1331.0,107.0,westbound
Li 43.4,2026-10-06,6,3675.3,90.99999999999999,westbound
Li 43.4,2026-10-06,7,3857.0,68.0,westbound
Li 43.4,2026-10-06,8,4040.4,69.0,westbound
Li 43.4,2026-10-06,9,3144.0,84.0,westbound
Li 43.4,2026-10-06,10,2896.0,95.0,westbound
Li 43.4,2026-10-06,11,2990.4,96.0,westbound
Li 43.4,2026-10-06,12,3361.1,95.0,westbound
Li 43.4,2026-10-06,13,2657.4,98.0,westbound
Li 43.4,2026-10-06,14,3291.4,94.00000000000001,westbound
Li 43.4,2026-10-06,15,2348.6,18.0,westbound
Li 43.4,2026-10-06,16,4030.0,61.0,westbound
Li 43.4,2026-10-06,17,3647.5,68.0,westbound
Li 43.4,2026-10-06,18,3162.2,87.0,westbound
Li 43.4,2026-10-06,19,2088.9,106.0,westbound
Li 43.4,2026-10-06,20,1638.6,109.0,westbound
Li 43.4,2026-10-06,21,1576.6,109.0,westbound
Li 43.4,2026-10-06,22,1234.6,110.00000000000001,westbound
Li 43.4,2026-10-06,23,537.8,113.0,westbound
